Timestamp,sht_motor[0].measure.speed_rpm,Timestamp,sht_motor[0].measure.real_current,Timestamp,sht_controller[0].pid_speed.Output,Timestamp,ref_rpm_1,
17197,0,17197,0,17197,3.8741e-34,17197,0,
88329,0,88329,0,88329,3.8741e-34,88329,0,
175587,0,175587,0,175587,3.8741e-34,175587,0,
247822,0,247822,0,247822,3.8741e-34,247822,0,
306008,0,306008,0,306008,3.8741e-34,306008,0,
364349,0,364349,0,364349,3.8741e-34,364349,0,
424445,0,424445,0,424445,3.8741e-34,424445,0,
483707,0,483707,0,483707,3.8741e-34,483707,0,
554875,0,554875,0,554875,3.8741e-34,554875,0,
615318,0,615318,0,615318,3.8741e-34,615318,0,
1038415,0,1038415,-95,1038415,0,1038415,6000,
1172847,0,1172847,12,1172847,0,1172847,6000,
1220400,0,1220400,-43,1220400,0,1220400,6000,
1289878,0,1289878,-39,1289878,0,1289878,6000,
1359782,0,1359782,18,1359782,0,1359782,6000,
1417881,0,1417881,-40,1417881,0,1417881,6000,
1483141,0,1483141,-37,1483141,0,1483141,6000,
1550005,0,1550005,18,1550005,0,1550005,6000,
1602441,0,1602441,19,1602441,0,1602441,6000,
1670438,0,1670438,12,1670438,0,1670438,6000,
1720636,0,1720636,-45,1720636,0,1720636,6000,
1775963,0,1775963,-37,1775963,0,1775963,6000,
1831351,0,1831351,-33,1831351,0,1831351,6000,
1892314,0,1892314,-44,1892314,0,1892314,6000,
1943537,0,1943537,12,1943537,0,1943537,6000,
2002672,0,2002672,11,2002672,0,2002672,6000,
2071999,0,2071999,17,2071999,0,2071999,6000,
2128755,0,2128755,-43,2128755,0,2128755,6000,
2192128,0,2192128,-44,2192128,0,2192128,6000,
2246587,0,2246587,12,2246587,0,2246587,6000,
2308041,0,2308041,18,2308041,0,2308041,6000,
2361924,0,2361924,-43,2361924,0,2361924,6000,
2423925,0,2423925,18,2423925,0,2423925,6000,
2490183,0,2490183,18,2490183,0,2490183,6000,
2558941,0,2558941,-43,2558941,0,2558941,6000,
2610853,0,2610853,23,2610853,0,2610853,6000,
2676589,0,2676589,19,2676589,0,2676589,6000,
2729788,0,2729788,18,2729788,0,2729788,6000,
2777804,0,2777804,11,2777804,0,2777804,6000,
2846392,0,2846392,-37,2846392,0,2846392,6000,
2909461,0,2909461,-44,2909461,0,2909461,6000,
2976182,0,2976182,70,2976182,0,2976182,6000,
3033860,0,3033860,12,3033860,0,3033860,6000,
3094758,0,3094758,7,3094758,0,3094758,6000,
3184009,0,3184009,-217,3184009,0,3184009,6000,
3255457,0,3255457,12,3255457,0,3255457,6000,
3310266,0,3310266,11,3310266,0,3310266,6000,
3371804,0,3371804,75,3371804,0,3371804,6000,
3454086,0,3454086,-38,3454086,0,3454086,6000,
3526090,0,3526090,18,3526090,0,3526090,6000,
3593878,0,3593878,25,3593878,0,3593878,6000,
3650462,0,3650462,-38,3650462,0,3650462,6000,
3719397,0,3719397,17,3719397,0,3719397,6000,
3773078,0,3773078,18,3773078,0,3773078,6000,
3837519,0,3837519,10,3837519,0,3837519,6000,
3900830,0,3900830,24,3900830,0,3900830,6000,
3969251,0,3969251,18,3969251,0,3969251,6000,
4025376,0,4025376,-37,4025376,0,4025376,6000,
4098223,0,4098223,-45,4098223,0,4098223,6000,
4164104,0,4164104,-43,4164104,0,4164104,6000,
4231532,0,4231532,-43,4231532,0,4231532,6000,
4283454,0,4283454,18,4283454,0,4283454,6000,
4333846,0,4333846,18,4333846,0,4333846,6000,
4389151,0,4389151,12,4389151,0,4389151,6000,
4448351,0,4448351,12,4448351,0,4448351,6000,
4511653,0,4511653,18,4511653,0,4511653,6000,
4588000,0,4588000,-38,4588000,0,4588000,6000,
4643632,0,4643632,-5,4643632,0,4643632,6000,
4710992,0,4710992,12,4710992,0,4710992,6000,
4760884,0,4760884,-37,4760884,0,4760884,6000,
4840979,0,4840979,18,4840979,0,4840979,6000,
4898377,0,4898377,70,4898377,0,4898377,6000,
4959645,0,4959645,18,4959645,0,4959645,6000,
5029172,0,5029172,-44,5029172,0,5029172,6000,
5086138,0,5086138,-43,5086138,0,5086138,6000,
5148600,0,5148600,18,5148600,0,5148600,6000,
5213336,0,5213336,17,5213336,0,5213336,6000,
5265193,0,5265193,23,5265193,0,5265193,6000,
5322530,0,5322530,13,5322530,0,5322530,6000,
5387103,0,5387103,-37,5387103,0,5387103,6000,
5446800,0,5446800,12,5446800,0,5446800,6000,
5502836,0,5502836,13,5502836,0,5502836,6000,
5564658,0,5564658,18,5564658,0,5564658,6000,
5615379,0,5615379,-38,5615379,0,5615379,6000,
5676791,0,5676791,-37,5676791,0,5676791,6000,
5749823,0,5749823,-37,5749823,0,5749823,6000,
5805245,0,5805245,18,5805245,0,5805245,6000,
5869834,0,5869834,19,5869834,0,5869834,6000,
5925140,0,5925140,70,5925140,0,5925140,6000,
6029871,0,6029871,19,6029871,0,6029871,6000,
6090369,0,6090369,12,6090369,0,6090369,6000,
6144085,0,6144085,11,6144085,0,6144085,6000,
6206038,0,6206038,-50,6206038,0,6206038,6000,
6264038,0,6264038,12,6264038,0,6264038,6000,
6332017,0,6332017,18,6332017,0,6332017,6000,
6398868,0,6398868,13,6398868,0,6398868,6000,
6457039,0,6457039,18,6457039,0,6457039,6000,
6518134,0,6518134,18,6518134,0,6518134,6000,
6581021,0,6581021,12,6581021,0,6581021,6000,
6652559,0,6652559,18,6652559,0,6652559,6000,
6734595,0,6734595,-38,6734595,0,6734595,6000,
6809547,0,6809547,18,6809547,0,6809547,6000,
6854220,0,6854220,18,6854220,0,6854220,6000,
6925404,0,6925404,76,6925404,0,6925404,6000,
6987998,0,6987998,19,6987998,0,6987998,6000,
7072847,0,7072847,-38,7072847,0,7072847,6000,
7149587,0,7149587,11,7149587,0,7149587,6000,
7215041,0,7215041,76,7215041,0,7215041,6000,
7284524,0,7284524,18,7284524,0,7284524,6000,
7339546,0,7339546,18,7339546,0,7339546,6000,
7394265,0,7394265,-36,7394265,0,7394265,6000,
7455456,0,7455456,24,7455456,0,7455456,6000,
7516631,0,7516631,5,7516631,0,7516631,6000,
7596068,0,7596068,11,7596068,0,7596068,6000,
7657303,0,7657303,18,7657303,0,7657303,6000,
7714901,0,7714901,-43,7714901,0,7714901,6000,
7782983,0,7782983,-45,7782983,0,7782983,6000,
7843170,0,7843170,20,7843170,0,7843170,6000,
7908129,0,7908129,13,7908129,0,7908129,6000,
7957847,0,7957847,11,7957847,0,7957847,6000,
8012324,0,8012324,17,8012324,0,8012324,6000,
8071466,0,8071466,-97,8071466,0,8071466,6000,
8128664,0,8128664,10,8128664,0,8128664,6000,
8185481,0,8185481,-38,8185481,0,8185481,6000,
8235561,0,8235561,18,8235561,0,8235561,6000,
8294987,0,8294987,17,8294987,0,8294987,6000,
8355156,0,8355156,-37,8355156,0,8355156,6000,
8414323,0,8414323,13,8414323,0,8414323,6000,
8476412,0,8476412,12,8476412,0,8476412,6000,
8532745,0,8532745,18,8532745,0,8532745,6000,
8586115,0,8586115,-37,8586115,0,8586115,6000,
8644727,0,8644727,19,8644727,0,8644727,6000,
8721617,0,8721617,76,8721617,0,8721617,6000,
8769770,0,8769770,18,8769770,0,8769770,6000,
8832556,0,8832556,-44,8832556,0,8832556,6000,
8893214,0,8893214,-43,8893214,0,8893214,6000,
8962617,0,8962617,70,8962617,0,8962617,6000,
9019989,0,9019989,15,9019989,0,9019989,6000,
9090291,0,9090291,-38,9090291,0,9090291,6000,
9141063,0,9141063,13,9141063,0,9141063,6000,
9197675,0,9197675,-38,9197675,0,9197675,6000,
9259006,0,9259006,13,9259006,0,9259006,6000,
9321121,-2598,9321121,-14712,9321121,-30000,9321121,6000,
9382157,-6036,9382157,-3148,9382157,-27503.1,9382157,6000,
9446466,-6005,9446466,-202,9446466,-268.74,9446466,6000,
9500562,-5989,9500562,-58,9500562,-224.741,9500562,6000,
9558378,-5988,9558378,188,9558378,141.253,9558378,6000,
9617629,-6013,9617629,42,9617629,229.255,9617629,6000,
9670689,-5995,9670689,502,9670689,-304.776,9670689,6000,
9744126,-5992,9744126,166,9744126,131.326,9744126,6000,
9793613,-6002,9793613,-42,9793613,335.426,9793613,6000,
9861574,-5995,9861574,143,9861574,143.177,9861574,6000,
9943304,-6009,9943304,-146,9943304,-38.8251,9943304,6000,
9994454,-5999,9994454,233,9994454,-40.9901,9994454,6000,
10062024,-5986,10062024,103,10062024,-182.12,10062024,6000,
10139502,-5991,10139502,-541,10139502,-376.705,10139502,6000,
10206883,-5991,10206883,-441,10206883,-105.873,10206883,6000,
10268752,-5998,10268752,120,10268752,322.118,10268752,6000,
10331614,-5984,10331614,531,10331614,21.1049,10331614,6000,
10398206,-5999,10398206,-368,10398206,-9.1636,10398206,6000,
10455587,-6002,10455587,43,10455587,333.298,10455587,6000,
10513751,-6004,10513751,-26,10513751,-426.092,10513751,6000,
10579999,-5980,10579999,-430,10579999,290.962,10579999,6000,
10633636,-5993,10633636,-90,10633636,-173.611,10633636,6000,
10679800,-5994,10679800,-177,10679800,-144.192,10679800,6000,
10740809,-6000,10740809,127,10740809,-373.422,10740809,6000,
10798131,-5989,10798131,-28,10798131,-259.126,10798131,6000,
10861484,-5990,10861484,-169,10861484,579.612,10861484,6000,
10920104,-6005,10920104,-195,10920104,-57.7574,10920104,6000,
10987288,-4825,10987288,16670,10987288,-285.257,10987288,6000,
11044138,-470,11044138,14922,11044138,30000,11044138,6000,
11111905,-17,11111905,-414,11111905,-801.636,11111905,6000,
11162277,1,11162277,97,11162277,-134.62,11162277,6000,
11221360,-2,11221360,34,11221360,114.353,11221360,6000,
11280044,4,11280044,99,11280044,95.3722,11280044,6000,
11347108,-6,11347108,-25,11347108,-67.5912,11347108,6000,
11400977,0,11400977,44,11400977,70.4168,11400977,6000,
11473591,-5,11473591,-28,11473591,-116.578,11473591,6000,
11527466,-6,11527466,31,11527466,-22.5643,11527466,6000,
11599326,-2,11599326,46,11599326,93.4364,11599326,6000,
11670400,2,11670400,92,11670400,95.5101,11670400,6000,
11736619,-5,11736619,-25,11736619,0,11736619,6000,
11793749,3,11793749,94,11793749,161.464,11793749,6000,
11847543,-5,11847543,-26,11847543,-21.5257,11847543,6000,
11928051,0,11928051,105,11928051,-44.5183,11928051,6000,
11994410,-6,11994410,-26,11994410,-21.5078,11994410,6000,
12059950,2,12059950,38,12059950,141.448,12059950,6000,
12125237,-3,12125237,31,12125237,-69.4942,12125237,6000,
12188053,-5,12188053,38,12188053,70.5155,12188053,6000,
12250555,2,12250555,38,12250555,95.5188,12250555,6000,
12314610,-5,12314610,-84,12314610,-67.4703,12314610,6000,
12371156,2,12371156,97,12371156,93.5348,12371156,6000,
12433154,3,12433154,44,12433154,-44.458,12433154,6000,
12508039,-3,12508039,-92,12508039,-43.447,12508039,6000,
12571750,0,12571750,-80,12571750,70.5628,12571750,6000,
12632350,3,12632350,-20,12632350,-44.4341,12632350,6000,
12701653,-6,12701653,-25,12701653,70.5775,12701653,6000,
12757031,3,12757031,43,12757031,116.584,12757031,6000,
12820257,1,12820257,206,12820257,-67.4073,12820257,6000,
12894621,-3,12894621,-26,12894621,0,12894621,6000,
12960633,-5,12960633,31,12960633,70.6144,12960633,6000,
13036795,3,13036795,109,13036795,117.095,13036795,6000,
13083099,2,13083099,42,13083099,93.627,13083099,6000,
13163277,-3,13163277,38,13163277,-67.3629,13163277,6000,
13227805,3,13227805,103,13227805,162.004,13227805,6000,
13281893,2,13281893,99,13281893,-67.8562,13281893,6000,
13363242,1,13363242,32,13363242,93.6588,13363242,6000,
13426896,0,13426896,-79,13426896,-23.3301,13426896,6000,
13481695,-4,13481695,-31,13481695,-68.322,13481695,6000,
13534063,-8,13534063,32,13534063,162.683,13534063,6000,
13603243,0,13603243,-23,13603243,-67.3123,13603243,6000,
13655745,-4,13655745,-31,13655745,116.699,13655745,6000,
13715779,3,13715779,97,13715779,47.7011,13715779,6000,
13774574,2,13774574,31,13774574,116.712,13774574,6000,
13825316,-4,13825316,100,13825316,-43.2838,13825316,6000,
13886557,-8,13886557,-77,13886557,-115.198,13886557,6000,
13952181,3,13952181,100,13952181,49.7172,13952181,6000,
14008818,2,14008818,97,14008818,115.789,14008818,6000,
14053350,2,14053350,-28,14053350,0,14053350,6000,
14100061,-5,14100061,-26,14100061,-69.2218,14100061,6000,
14148902,0,14148902,36,14148902,162.786,14148902,6000,
14213182,2,14213182,-12,14213182,-67.2095,14213182,6000,
14274545,-3,14274545,30,14274545,-115.167,14274545,6000,
14348453,-2,14348453,32,14348453,115.812,14348453,6000,
14402309,2,14402309,103,14402309,188.747,14402309,6000,
14471440,3,14471440,102,14471440,-67.1723,14471440,6000,
14540958,0,14540958,37,14540958,0,14540958,6000,
14611853,-6,14611853,37,14611853,139.847,14611853,6000,
14667789,2,14667789,153,14667789,49.802,14667789,6000,
14731739,2,14731739,39,14731739,-67.1396,14731739,6000,
14799898,0,14799898,-16,14799898,115.873,14799898,6000,
14893859,3,14893859,508,14893859,-69.1574,14893859,6000,
14953379,-2,14953379,-20,14953379,139.887,14953379,6000,
15006634,3,15006634,91,15006634,95.8935,15006634,6000,
15068328,1,15068328,38,15068328,-21.0944,15068328,6000,
15139359,2,15139359,41,15139359,141.863,15139359,6000,
15183236,-6,15183236,37,15183236,115.943,15183236,6000,
15282721,2,15282721,40,15282721,93.9253,15282721,6000,
15339238,2,15339238,-19,15339238,-89.0625,15339238,6000,
15411327,2,15411327,31,15411327,-68.0308,15411327,6000,
15493798,0,15493798,-25,15493798,-21.0431,15493798,6000,
15563941,-6,15563941,36,15563941,187.897,15563941,6000,
15621228,-5,15621228,100,15621228,49.9282,15621228,6000,
15699728,3,15699728,99,15699728,-44.0176,15699728,6000,
15756894,-2,15756894,34,15756894,70.0109,15756894,6000,
15806896,-5,15806896,-84,15806896,-67.931,15806896,6000,
15857542,4,15857542,109,15857542,140.004,15857542,6000,
15915936,-5,15915936,-20,15915936,-20.9839,15915936,6000,
15973178,-2,15973178,-19,15973178,116.525,15973178,6000,
16034215,1,16034215,37,16034215,-66.9707,16034215,6000,
16094375,-2,16094375,-84,16094375,0,16094375,6000,
16151301,2,16151301,93,16151301,94.0406,16151301,6000,
16210675,-6,16210675,-84,16210675,-68.9481,16210675,6000,
16269656,2,16269656,38,16269656,94.0539,16269656,6000,
16324198,-5,16324198,-26,16324198,-88.9232,16324198,6000,
16393704,0,16393704,96,16393704,116.062,16393704,6000,
16452065,2,16452065,-14,16452065,144.08,16452065,6000,
16522469,-3,16522469,31,16522469,-21.9109,16522469,6000,
16579890,-6,16579890,93,16579890,163.095,16579890,6000,
16647861,-5,16647861,-15,16647861,-43.8985,16647861,6000,
16697439,-6,16697439,-26,16697439,0,16697439,6000,
16759445,3,16759445,43,16759445,94.1136,16759445,6000,
16820486,-5,16820486,-26,16820486,-66.874,16820486,6000,
16891099,-6,16891099,-84,16891099,117.137,16891099,6000,
16953140,2,16953140,-27,16953140,140.144,16953140,6000,
17014661,2,17014661,102,17014661,-43.8507,17014661,6000,
17082965,-5,17082965,-26,17082965,-66.8402,17082965,6000,
17144366,-3,17144366,96,17144366,-43.8378,17144366,6000,
17192024,-7,17192024,-26,17192024,-42.8486,17192024,6000,
17254953,2,17254953,38,17254953,140.178,17254953,6000,
17321495,-6,17321495,43,17321495,-42.8159,17321495,6000,
17378334,0,17378334,-21,17378334,117.195,17378334,6000,
17433003,-6,17433003,-32,17433003,-43.7997,17433003,6000,
17490302,-2,17490302,-25,17490302,0,17490302,6000,
17551460,4,17551460,44,17551460,48.2124,17551460,6000,
17614552,-5,17614552,37,17614552,117.224,17614552,6000,
17669697,3,17669697,94,17669697,50.2282,17669697,6000,
17740303,0,17740303,-20,17740303,96.2379,17740303,6000,
17816489,3,17816489,93,17816489,-66.7543,17816489,6000,
17876341,-4,17876341,-13,17876341,117.259,17876341,6000,
17939044,3,17939044,44,17939044,140.267,17939044,6000,
17996528,2,17996528,99,17996528,-43.7272,17996528,6000,
18071802,-5,18071802,34,18071802,71.2828,18071802,6000,
18134686,0,18134686,-13,18134686,116.653,18134686,6000,
18203716,4,18203716,46,18203716,140.3,18203716,6000,
18265903,3,18265903,40,18265903,-43.6955,18265903,6000,
18340972,-3,18340972,38,18340972,-43.1858,18340972,6000,
18395763,0,18395763,35,18395763,-88.7064,18395763,6000,
18474489,2,18474489,97,18474489,117.819,18474489,6000,
18517998,-6,18517998,-26,18517998,117.342,18517998,6000,
18578452,0,18578452,162,18578452,-66.6562,18578452,6000,
18651109,3,18651109,104,18651109,0,18651109,6000,
18704701,-6,18704701,-33,18704701,0,18704701,6000,
18765273,2,18765273,164,18765273,140.371,18765273,6000,
18825920,-7,18825920,-20,18825920,-20.6171,18825920,6000,
18883881,13,18883881,238,18883881,372.301,18883881,6000,
18938754,-5,18938754,-21,18938754,0,18938754,6000,
19000053,2,19000053,97,19000053,116.671,19000053,6000,
19059960,-5,19059960,-27,19059960,-43.6097,19059960,6000,
19126868,-3,19126868,-78,19126868,69.4054,19126868,6000,
19195258,3,19195258,32,19195258,-43.5964,19195258,6000,
19251476,-4,19251476,-18,19251476,71.4145,19251476,6000,
19308826,3,19308826,40,19308826,52.4167,19308826,6000,
19364395,-5,19364395,-1,19364395,71.4285,19364395,6000,
19426474,2,19426474,48,19426474,-43.5698,19426474,6000,
19480352,-6,19480352,-27,19480352,71.4414,19480352,6000,
19547191,1,19547191,102,19547191,50.4434,19547191,6000,
19594705,3,19594705,38,19594705,141.43,19594705,6000,
19659263,2,19659263,-19,19659263,162.486,19659263,6000,
19721712,3,19721712,89,19721712,0,19721712,6000,
19799428,-6,19799428,-25,19799428,71.4804,19799428,6000,
19847425,2,19847425,108,19847425,50.483,19847425,6000,
19917145,-5,19917145,39,19917145,-67.5049,19917145,6000,
19975795,2,19975795,106,19975795,95.4995,19975795,6000,
20026103,-3,20026103,32,20026103,-21.4911,20026103,6000,
20091351,-5,20091351,-19,20091351,69.5162,20091351,6000,
20162233,3,20162233,33,20162233,0,20162233,6000,
20223183,-4,20223183,-20,20223183,117.535,20223183,6000,
20268872,3,20268872,39,20268872,-43.463,20268872,6000,
20333356,-6,20333356,-26,20333356,71.5494,20333356,6000,
20390334,2,20390334,38,20390334,52.5925,20390334,6000,
20448562,-6,20448562,38,20448562,-43.44,20448562,6000,
20508530,2,20508530,102,20508530,-43.4383,20508530,6000,
20561080,-5,20561080,-25,20561080,117.574,20561080,6000,
20626220,2,20626220,-79,20626220,0,20626220,6000,
20697008,1,20697008,106,20697008,-66.4156,20697008,6000,
20762401,-5,20762401,-22,20762401,-114.437,20762401,6000,
20823824,3,20823824,157,20823824,140.602,20823824,6000,
20880428,-5,20880428,-77,20880428,-66.3866,20880428,6000,
20939794,-6,20939794,-13,20939794,0,20939794,6000,
21025169,1,21025169,32,21025169,71.6319,21025169,6000,
21096894,-2,21096894,-21,21096894,94.6412,21096894,6000,
21168108,3,21168108,44,21168108,95.927,21168108,6000,
21229461,0,21229461,-19,21229461,-66.3454,21229461,6000,
21286771,-4,21286771,-24,21286771,117.663,21286771,6000,
21356796,2,21356796,103,21356796,-42.6938,21356796,6000,
21425225,2,21425225,36,21425225,-66.324,21425225,6000,
21494160,-5,21494160,-25,21494160,117.688,21494160,6000,
21552529,2,21552529,156,21552529,94.6911,21552529,6000,
21614996,-6,21614996,32,21614996,0,21614996,6000,
21670084,3,21670084,-27,21670084,95.707,21670084,6000,
21734668,-6,21734668,33,21734668,-42.2816,21734668,6000,
21784310,4,21784310,-23,21784310,140.723,21784310,6000,
21850666,-5,21850666,31,21850666,-42.2482,21850666,6000,
21920574,-5,21920574,84,21920574,-20.2552,21920574,6000,
21980373,0,21980373,-29,21980373,140.75,21980373,6000,
22044524,2,22044524,40,22044524,-66.2426,22044524,6000,
22115776,0,22115776,95,22115776,-43.2338,22115776,6000,
22180207,-4,22180207,33,22180207,0,22180207,6000,
22241534,1,22241534,99,22241534,71.7799,22241534,6000,
22294817,-4,22294817,-19,22294817,116.806,22294817,6000,
22351236,2,22351236,47,22351236,95.8148,22351236,6000,
22432130,1,22432130,37,22432130,96.7596,22432130,6000,
22491019,-5,22491019,-25,22491019,-68.1821,22491019,6000,
22568354,2,22568354,47,22568354,140.825,22568354,6000,
22617979,1,22617979,94,22617979,-43.1699,22617979,6000,
22688203,-5,22688203,99,22688203,-67.1813,22688203,6000,
22756336,4,22756336,34,22756336,69.8511,22756336,6000,
22810591,-5,22810591,38,22810591,-67.1199,22810591,6000,
22866582,2,22866582,40,22866582,141.885,22866582,6000,
22917518,0,22917518,-20,22917518,-66.1266,22917518,6000,
22982615,-6,22982615,31,22982615,71.8816,22982615,6000,
23060504,-4,23060504,-26,23060504,71.8897,23060504,6000,
23126078,2,23126078,100,23126078,117.897,23126078,6000,
23197665,3,23197665,38,23197665,-43.0966,23197665,6000,
23273488,-4,23273488,27,23273488,-67.0838,23273488,6000,
23316509,3,23316509,43,23316509,-43.0806,23316509,6000,
23371614,2,23371614,98,23371614,140.928,23371614,6000,
23426562,-6,23426562,25,23426562,0,23426562,6000,
23473921,-2,23473921,90,23473921,70.9382,23473921,6000,
23553697,3,23553697,94,23553697,-66.0522,23553697,6000,
23607131,3,23607131,36,23607131,-88.54,23607131,6000,
23685163,-8,23685163,-76,23685163,117.973,23685163,6000,
23743209,0,23743209,40,23743209,-66.0266,23743209,6000,
23807027,-4,23807027,-21,23807027,117.018,23807027,6000,
23862111,0,23862111,105,23862111,-43.0093,23862111,6000,
23913675,-6,23913675,-26,23913675,-19.9974,23913675,6000,
23977405,2,23977405,38,23977405,141.005,23977405,6000,
24057345,-3,24057345,38,24057345,-42.9864,24057345,6000,
24102860,1,24102860,94,24102860,95.0201,24102860,6000,
24160130,-3,24160130,-90,24160130,-19.9701,24160130,6000,
24217611,-5,24217611,32,24217611,0,24217611,6000,
24289870,-2,24289870,32,24289870,141.047,24289870,6000,
24353962,-3,24353962,40,24353962,-42.9468,24353962,6000,
24420731,-6,24420731,-25,24420731,-66.9702,24420731,6000,
24506521,-6,24506521,-20,24506521,-65.9284,24506521,6000,
24568405,-6,24568405,32,24568405,72.0815,24568405,6000,
24631348,2,24631348,31,24631348,-67.8922,24631348,6000,
24686172,2,24686172,158,24686172,0,24686172,6000,
24779536,5,24779536,105,24779536,51.1356,24779536,6000,
24853804,3,24853804,47,24853804,0,24853804,6000,
24921299,-6,24921299,-20,24921299,-67.8276,24921299,6000,
24976284,2,24976284,30,24976284,118.129,24976284,6000,
25037477,1,25037477,102,25037477,0,25037477,6000,
25102647,2,25102647,35,25102647,142.144,25102647,6000,
25149880,3,25149880,-21,25149880,-41.8857,25149880,6000,
25219798,0,25219798,-21,25219798,72.1582,25219798,6000,
25276094,-3,25276094,34,25276094,-65.8402,25276094,6000,
25335279,3,25335279,37,25335279,-40.8197,25335279,6000,
25414885,-3,25414885,31,25414885,-88.8181,25414885,6000,
25476790,-4,25476790,40,25476790,118.189,25476790,6000,
25538174,3,25538174,44,25538174,0,25538174,6000,
25620872,2,25620872,102,25620872,117.196,25620872,6000,
25696224,1,25696224,37,25696224,0,25696224,6000,
25755631,-2,25755631,102,25755631,-65.7748,25755631,6000,
25837217,-5,25837217,-15,25837217,0,25837217,6000,
25889370,1,25889370,103,25889370,0,25889370,6000,
25962736,-3,25962736,32,25962736,-65.7471,25962736,6000,
26022697,-6,26022697,25,26022697,163.26,26022697,6000,
26076182,2,26076182,97,26076182,97.2004,26076182,6000,
26136734,-3,26136734,-24,26136734,-42.0829,26136734,6000,
26209894,-1704,26209894,-14629,26209894,-30000,26209894,6000,
26263806,-5531,26263806,-14567,26263806,-30000,26263806,6056,
26337260,-6161,26337260,-533,26337260,-316.153,26337260,6134,
26403749,-6245,26403749,-529,26403749,-73.8965,26403749,6198,
26482073,-6318,26482073,57,26482073,-216.94,26482073,6282,
26554559,-6367,26554559,-559,26554559,-413.858,26554559,6347,
26612642,-6425,26612642,-371,26612642,-147.979,26612642,6400,
26674506,-6506,26674506,-319,26674506,-279.069,26674506,6471,
26740852,-6557,26740852,-131,26740852,-526.47,26740852,6527,
26793426,-6597,26793426,-404,26793426,-442.224,26793426,6584,
26882445,-6722,26882445,-74,26882445,-330.437,26882445,6681,
26959502,-6788,26959502,-837,26959502,-212.456,26959502,6752,
27027797,-6852,27027797,-599,27027797,-379.688,27027797,6817,
27089515,-6897,27089515,-50,27089515,-266.565,27089515,6881,
27161981,-6984,27161981,-197,27161981,23.3397,27161981,6949,
27231891,-7059,27231891,106,27231891,-274.85,27231891,7020,
27291377,-7124,27291377,-514,27291377,-79.1257,27291377,7091,
27368462,-7180,27368462,-442,27368462,-463.923,27368462,7162,
27434996,-7264,27434996,-105,27434996,-798.013,27434996,7226,
27492780,-7343,27492780,-165,27492780,-667.005,27492780,7286,
27574937,-7405,27574937,-231,27574937,-710.346,27574937,7371,
27641920,-7451,27641920,-560,27641920,-172.623,27641920,7437,
27702271,-7550,27702271,66,27702271,17.663,27702271,7502,
27784347,-7614,27784347,64,27784347,-487.445,27784347,7581,
27855032,-7666,27855032,-369,27855032,-158.517,27855032,7648,
27921500,-7746,27921500,-310,27921500,124.348,27921500,7713,
27990874,-7817,27990874,-422,27990874,-504.624,27990874,7775,
28040011,-7870,28040011,-772,28040011,-14.086,28040011,7843,
28112971,-7935,28112971,-439,28112971,-667.847,28112971,7900,
28166757,-7984,28166757,98,28166757,-530.919,28166757,7961,
28227969,-8040,28227969,-447,28227969,-466.992,28227969,8022,
28290681,-8119,28290681,-228,28290681,-571.732,28290681,8087,
28365184,-8168,28365184,-436,28365184,-386.07,28365184,8149,
28409474,-8249,28409474,-248,28409474,-481.146,28409474,8206,
28473188,-8316,28473188,319,28473188,-188.305,28473188,8274,
28557830,-8376,28557830,210,28557830,-185.569,28557830,8350,
28627517,-8460,28627517,-168,28627517,-425.205,28627517,8424,
28694869,-8518,28694869,425,28694869,-400.182,28694869,8486,
28754210,-8588,28754210,331,28754210,-425.383,28754210,8549,
28835233,-8647,28835233,86,28835233,-254.478,28835233,8619,
28892725,-8703,28892725,-808,28892725,-276.896,28892725,8694,
28950552,-8778,28950552,263,28950552,-283.099,28950552,8746,
29023022,-8854,29023022,-204,29023022,-659.857,29023022,8817,
29119187,-6530,29119187,13833,29119187,30000,29119187,6007,
29181149,-6095,29181149,-397,29181149,-182.43,29181149,6067,
29244429,-6193,29244429,-203,29244429,-62.6097,29244429,6129,
29332949,-6258,29332949,-481,29332949,-117.522,29332949,6223,
29401873,-6318,29401873,-138,29401873,-677.418,29401873,6295,
29459521,-6392,29459521,-150,29459521,-80.3933,29459521,6366,
29527116,-6437,29527116,-35,29527116,-64.8068,29527116,6421,
29578221,-6500,29578221,11,29578221,-245.829,29578221,6471,
29634584,-6563,29634584,-224,29634584,-217.735,29634584,6533,
29698632,-6616,29698632,-171,29698632,-342.045,29698632,6596,
29759448,-6671,29759448,-788,29759448,-248.234,29759448,6656,
29817350,-6775,29817350,-288,29817350,-491.279,29817350,6737,
29912470,-6826,29912470,-62,29912470,-339.232,29912470,6811,
29972693,-6900,29972693,68,29972693,206.992,29972693,6874,
30032784,-6971,30032784,-412,30032784,-223.081,30032784,6935,
30095643,-7001,30095643,316,30095643,-91.5399,30095643,6981,
30142501,-7055,30142501,-198,30142501,-769.705,30142501,7031,
30190442,-7124,30190442,-278,30190442,-195.669,30190442,7091,
30260849,-7207,30260849,-19,30260849,-508.722,30260849,7169,
30338734,-7241,30338734,-617,30338734,-127.106,30338734,7231,
30384996,-7307,30384996,-337,30384996,84.2298,30384996,7279,
30446558,-7372,30446558,137,30446558,-108.948,30446558,7344,
30501006,-7430,30501006,177,30501006,-250.019,30501006,7391,
30559881,-7480,30559881,53,30559881,-216.22,30559881,7456,
30620253,-7531,30620253,-511,30620253,-266.879,30620253,7516,
30671476,-7589,30671476,-74,30671476,0,30671476,7562,
30722308,-7655,30722308,-501,30722308,-310.094,30722308,7625,
30784444,-7714,30784444,-75,30784444,119.574,30784444,7688,
30856291,-7771,30856291,-121,30856291,-162.501,30856291,7748,
30905891,-7834,30905891,-124,30905891,-438.587,30905891,7797,
30967902,-7897,30967902,-379,30967902,-136.616,30967902,7858,
31016103,-7923,31016103,-939,31016103,-114.702,31016103,7905,
31067899,-7988,31067899,143,31067899,-502.605,31067899,7964,
31125019,-8061,31125019,-912,31125019,-335.232,31125019,8029,
31192361,-8122,31192361,-59,31192361,-403.297,31192361,8089,
31248428,-8154,31248428,-535,31248428,-576.978,31248428,8137,
31300111,-8249,31300111,-55,31300111,-358.788,31300111,8201,
31377615,-8318,31377615,-53,31377615,-411.411,31377615,8280,
31459256,-8393,31459256,-354,31459256,-272.134,31459256,8357,
31525684,-8462,31525684,152,31525684,-450.416,31525684,8418,
31606953,-8520,31606953,-317,31606953,-358.299,31606953,8494,
31656134,-8582,31656134,-873,31656134,-164.605,31656134,8557,
31725921,-8637,31725921,-31,31725921,-343.672,31725921,8619,
31787234,-8706,31787234,-763,31787234,-339.783,31787234,8682,
31853283,-8766,31853283,-208,31853283,-410.846,31853283,8745,
31940641,-8848,31940641,457,31940641,-462.959,31940641,8835,
32005285,-7042,32005285,16561,32005285,30000,32005285,8898,
32061180,-6070,32061180,30,32061180,-9.39167,32061180,6059,
32117357,-6127,32117357,-335,32117357,137.889,32117357,6107,
32180976,-6199,32180976,-177,32180976,-361.501,32180976,6183,
32241159,-6243,32241159,-50,32241159,-251.577,32241159,6230,
32296338,-6314,32296338,23,32296338,-177.644,32296338,6292,
32361503,-6363,32361503,-60,32361503,-480.083,32361503,6354,
32421824,-6427,32421824,198,32421824,-504.809,32421824,6415,
32473620,-6498,32473620,-188,32473620,-253.882,32473620,6466,
32534898,-6545,32534898,-384,32534898,-657.958,32534898,6533,
32594459,-6607,32594459,-434,32594459,-214.375,32594459,6588,
32645004,-6650,32645004,221,32645004,-309.091,32645004,6635,
32689984,-6709,32689984,-667,32689984,-385.146,32689984,6683,
32747758,-6761,32747758,480,32747758,-492.225,32747758,6743,
32802140,-6818,32802140,-470,32802140,-169.272,32802140,6793,
32847326,-6872,32847326,-825,32847326,-152.519,32847326,6836,
32897679,-6923,32897679,-126,32897679,-203.485,32897679,6899,
32961553,-6979,32961553,-417,32961553,-454.493,32961553,6961,
33023709,-7058,33023709,-550,33023709,-607.556,33023709,7027,
33087412,-7124,33087412,-680,33087412,-19.6144,33087412,7091,
33148786,-7178,33148786,54,33148786,-65.7253,33148786,7151,
33211076,-7228,33211076,212,33211076,-91.7997,33211076,7212,
33272754,-7313,33272754,422,33272754,-505.895,33272754,7282,
33344019,-7346,33344019,-738,33344019,-313.834,33344019,7338,
33394403,-7391,33394403,-416,33394403,-322.028,33394403,7383,
33443207,-7471,33443207,32,33443207,129.952,33443207,7449,
33510003,-7539,33510003,296,33510003,-353.973,33510003,7516,
33577707,-7599,33577707,-345,33577707,-620.202,33577707,7570,
33634455,-7661,33634455,-558,33634455,-521.724,33634455,7637,
33700990,-7710,33700990,-624,33700990,-483.423,33700990,7703,
33765170,-7768,33765170,-141,33765170,-593.11,33765170,7757,
33813829,-7825,33813829,-167,33813829,-57.1119,33813829,7806,
33861650,-7890,33861650,-587,33861650,-205.363,33861650,7854,
33923307,-7945,33923307,-264,33923307,-543.267,33923307,7914,
33981233,-7986,33981233,1,33981233,-426.281,33981233,7976,
34046416,-8050,34046416,-10,34046416,-736.595,34046416,8038,
34099383,-8141,34099383,72,34099383,-10.2585,34099383,8100,
34165556,-8189,34165556,401,34165556,190.004,34165556,8162,
34230766,-8249,34230766,-368,34230766,-295.158,34230766,8227,
34288821,-8305,34288821,-141,34288821,156.852,34288821,8289,
34348808,-8368,34348808,-394,34348808,165.749,34348808,8352,
34412807,-8455,34412807,-289,34412807,-222.024,34412807,8414,
34483931,-8488,34483931,-566,34483931,-254.417,34483931,8475,
34539552,-8553,34539552,-257,34539552,-439.499,34539552,8538,
34595645,-8601,34595645,494,34595645,-576.568,34595645,8586,
34645602,-8658,34645602,-882,34645602,-464.718,34645602,8633,
34699507,-8723,34699507,66,34699507,-454.719,34699507,8696,
34755316,-8774,34755316,-310,34755316,-648.737,34755316,8757,
34820072,-8843,34820072,-759,34820072,-218.679,34820072,8821,
34882450,-8222,34882450,7895,34882450,-476.906,34882450,8884,
34942800,-6072,34942800,-866,34942800,-227.341,34942800,6045,
35004641,-6135,35004641,-55,35004641,-696.256,35004641,6105,
35068644,-6195,35068644,-248,35068644,-205.462,35068644,6167,
35125441,-6232,35125441,-40,35125441,0,35125441,6215,
35179408,-6307,35179408,-79,35179408,-264.826,35179408,6282,
35245074,-6354,35245074,-290,35245074,-316.659,35245074,6341,
35300031,-6421,35300031,-159,35300031,-344.751,35300031,6403,
35363811,-6488,35363811,67,35363811,-184.855,35363811,6463,
35424685,-6550,35424685,-447,35424685,-32.8895,35424685,6532,
35492811,-6633,35492811,125,35492811,-10.2463,35492811,6587,
35571626,-6707,35571626,277,35571626,-304.881,35571626,6668,
35642862,-6777,35642862,-607,35642862,-156.258,35642862,6743,
35706496,-6834,35706496,-166,35706496,131.93,35706496,6806,
35765059,-6889,35765059,-162,35765059,-198.138,35765059,6869,
35828623,-6947,35828623,-160,35828623,-126.194,35828623,6931,
35894000,-7019,35894000,-144,35894000,-747.188,35894000,6993,
35957791,-7071,35957791,-48,35957791,-339.462,35957791,7059,
36026154,-7145,36026154,-210,36026154,-201.726,36026154,7119,
36079995,-7207,36079995,-25,36079995,-344.68,36079995,7178,
36143776,-7266,36143776,11,36143776,-19.9208,36143776,7242,
36200324,-7327,36200324,-82,36200324,-289.269,36200324,7306,
36280854,-7430,36280854,-18,36280854,-241.592,36280854,7380,
36361913,-7468,36361913,-131,36361913,-178.905,36361913,7456,
36414972,-7525,36414972,-49,36414972,-506.102,36414972,7512,
36474622,-7621,36474622,-196,36474622,-374.473,36474622,7571,
36545269,-7667,36545269,-534,36545269,-636.268,36545269,7643,
36612947,-7741,36612947,136,36612947,-115.343,36612947,7714,
36675993,-7810,36675993,-415,36675993,-69.4172,36675993,7769,
36728998,-7827,36728998,-6,36728998,-642.477,36728998,7818,
36777774,-7901,36777774,-213,36777774,-476.717,36777774,7883,
36835405,-7948,36835405,103,36835405,-552.61,36835405,7924,
36895314,-8006,36895314,-1069,36895314,125.508,36895314,7990,
36946429,-8059,36946429,-692,36946429,-168.626,36946429,8035,
36996246,-8107,36996246,313,36996246,-545.844,36996246,8097,
37054018,-8168,37054018,39,37054018,-582.015,37054018,8145,
37109917,-8230,37109917,252,37109917,-459.987,37109917,8207,
37159542,-8285,37159542,-242,37159542,-291.066,37159542,8253,
37213076,-8338,37213076,474,37213076,-507.148,37213076,8317,
37285980,-8389,37285980,-956,37285980,-344.26,37285980,8377,
37332684,-8449,37332684,-814,37332684,-247.185,37332684,8427,
37396545,-8519,37396545,316,37396545,-360.362,37396545,8485,
37448427,-8572,37448427,-369,37448427,-176.271,37448427,8547,
37515296,-8631,37515296,-235,37515296,-157.441,37515296,8609,
37574198,-8707,37574198,-527,37574198,-254.63,37574198,8672,
37641556,-8759,37641556,-375,37641556,-295.603,37641556,8737,
37707686,-8815,37707686,-480,37707686,-483.799,37707686,8804,
37755659,-8863,37755659,612,37755659,-611.607,37755659,8863,
37831254,-6034,37831254,7615,37831254,27146.5,37831254,6021,
37890995,-6088,37890995,-121,37890995,-228.265,37890995,6085,
37942565,-6175,37942565,-494,37942565,0,37942565,6147,
38019668,-6239,38019668,-605,38019668,-50.2359,38019668,6215,
38077181,-6311,38077181,-557,38077181,0,38077181,6273,
38148633,-6360,38148633,-112,38148633,-303.51,38148633,6335,
38211054,-6435,38211054,-157,38211054,-375.489,38211054,6414,
38269543,-6476,38269543,-69,38269543,-79.5217,38269543,6458,
38317867,-6560,38317867,-76,38317867,-177.755,38317867,6523,
38385479,-6606,38385479,-768,38385479,-613.979,38385479,6583,
38441454,-6645,38441454,-781,38441454,-139.953,38441454,6630,
38496841,-6723,38496841,-56,38496841,-36.0144,38496841,6693,
38556240,-6787,38556240,-47,38556240,-173.536,38556240,6752,
38620970,-6849,38620970,-523,38620970,-265.386,38620970,6815,
38689455,-6905,38689455,242,38689455,0,38689455,6879,
38745729,-6959,38745729,-286,38745729,-351.09,38745729,6940,
38808865,-7021,38808865,-345,38808865,-224.958,38808865,7002,
38864721,-7097,38864721,62,38864721,-333.913,38864721,7071,
38934620,-7142,38934620,-247,38934620,-354.898,38934620,7127,
38995429,-7215,38995429,-582,38995429,-51.8334,38995429,7189,
39050616,-7288,39050616,-586,39050616,0,39050616,7255,
39131613,-7346,39131613,-154,39131613,-622.825,39131613,7330,
39185991,-7399,39185991,-362,39185991,-604.856,39185991,7375,
39241608,-7455,39241608,-154,39241608,-462.919,39241608,7439,
39302793,-7524,39302793,-467,39302793,-333.995,39302793,7499,
39369918,-7591,39369918,-942,39369918,-421.08,39369918,7562,
39428157,-7655,39428157,217,39428157,-341.161,39428157,7625,
39499266,-7693,39499266,-178,39499266,-267.1,39499266,7688,
39548898,-7788,39548898,-182,39548898,-363.318,39548898,7752,
39626921,-7852,39626921,-307,39626921,-313.404,39626921,7829,
39693491,-7934,39693491,-67,39693491,-155.351,39693491,7897,
39756667,-7989,39756667,23,39756667,-529.575,39756667,7952,
39831846,-8040,39831846,33,39831846,-87.5858,39831846,8030,
39895522,-8108,39895522,368,39895522,-195.737,39895522,8093,
39949028,-8147,39949028,166,39949028,-284.637,39949028,8140,
39996798,-8215,39996798,434,39996798,-316.499,39996798,8185,
40054426,-8265,40054426,-70,40054426,-570.954,40054426,8248,
40103007,-8332,40103007,-216,40103007,-553.039,40103007,8305,
40173718,-8392,40173718,351,40173718,-117.143,40173718,8372,
40230070,-8442,40230070,-362,40230070,-456.301,40230070,8419,
40277431,-8485,40277431,-15,40277431,-408.462,40277431,8467,
40328810,-8556,40328810,-142,40328810,-467.338,40328810,8529,
40394656,-8623,40394656,-306,40394656,-300.429,40394656,8593,
40463052,-8669,40463052,-16,40463052,-351.395,40463052,8654,
40516468,-8741,40516468,-212,40516468,-237.239,40516468,8717,
40585885,-8799,40585885,-877,40585885,-243.665,40585885,8779,
40635459,-8848,40635459,-794,40635459,-39.7518,40635459,8828,
40687969,-6944,40687969,17365,40687969,-876.87,40687969,8887,
40765311,-6094,40765311,69,40765311,434.728,40765311,6066,
40823674,-6149,40823674,-28,40823674,-443.94,40823674,6115,
40892526,-6218,40892526,-29,40892526,-393.408,40892526,6189,
40959456,-6271,40959456,-43,40959456,-382.759,40959456,6252,
41015755,-6348,41015755,-457,41015755,-259.851,41015755,6314,
41087544,-6403,41087544,-397,41087544,-160.83,41087544,6393,
41155096,-6482,41155096,-726,41155096,-129.554,41155096,6456,
41219319,-6534,41219319,-55,41219319,-271.557,41219319,6518,
41283123,-6621,41283123,-295,41283123,-233.299,41283123,6578,
41350360,-6684,41350360,-477,41350360,-274.967,41350360,6647,
41421045,-6752,41421045,-597,41421045,-125.685,41421045,6721,
41485872,-6826,41485872,-89,41485872,-224.255,41485872,6783,
41556528,-6863,41556528,-181,41556528,-317.31,41556528,6843,
41607857,-6906,41607857,-180,41607857,-631.282,41607857,6907,
41661221,-6962,41661221,-439,41661221,-447.074,41661221,6952,
41718799,-7029,41718799,-41,41718799,150.73,41718799,7017,
41773515,-7082,41773515,-436,41773515,-437.096,41773515,7066,
41830997,-7158,41830997,-32,41830997,-407.957,41830997,7135,
41919015,-7221,41919015,-247,41919015,-324.356,41919015,7204,
41956352,-7271,41956352,379,41956352,-242.405,41956352,7247,
42011936,-7324,42011936,-190,42011936,-88.5963,42011936,7310,
42068284,-7401,42068284,-401,42068284,-549.246,42068284,7371,
42129061,-7463,42129061,-924,42129061,-30.1154,42129061,7440,
42201101,-7535,42201101,-435,42201101,-205.014,42201101,7499,
42282404,-7615,42282404,-156,42282404,43.9014,42282404,7575,
42346727,-7663,42346727,-44,42346727,-172.932,42346727,7637,
42401859,-7728,42401859,-432,42401859,-147.255,42401859,7698,
42454050,-7765,42454050,-647,42454050,-301.811,42454050,7747,
42510013,-7812,42510013,49,42510013,138.619,42510013,7813,
42569294,-7912,42569294,-781,42569294,-725.86,42569294,7870,
42634343,-7963,42634343,197,42634343,-183.541,42634343,7932,
42705089,-8033,42705089,-656,42705089,-150.387,42705089,7994,
42760591,-8080,42760591,-278,42760591,-650.561,42760591,8056,
42823457,-8152,42823457,-525,42823457,-317.677,42823457,8124,
42891048,-8220,42891048,-51,42891048,-136.871,42891048,8181,
42958039,-8278,42958039,-750,42958039,-413.019,42958039,8260,
43019885,-8348,43019885,-550,43019885,-488.156,43019885,8323,
43094462,-8402,43094462,137,43094462,0,43094462,8385,
43142075,-8479,43142075,-665,43142075,-272.233,43142075,8445,
43217931,-8534,43217931,-840,43217931,-39.1019,43217931,8509,
43271554,-8592,43271554,-691,43271554,-208.393,43271554,8568,
43331562,-8648,43331562,-60,43331562,-224.474,43331562,8635,
43391313,-8705,43391313,-600,43391313,-560.613,43391313,8681,
43446401,-8762,43446401,-437,43446401,-482.577,43446401,8743,
43507342,-8834,43507342,291,43507342,-290.486,43507342,8803,
43569611,-8870,43569611,-539,43569611,-473.156,43569611,8864,
43627813,-6083,43627813,-153,43627813,1063,43627813,6027,
43704838,-6130,43704838,-758,43704838,-435.342,43704838,6103,
43757137,-6170,43757137,-159,43757137,-376.804,43757137,6150,
43811892,-6232,43811892,-38,43811892,-285.959,43811892,6211,
43877851,-6288,43877851,-68,43877851,-231.652,43877851,6274,
43941783,-6358,43941783,-517,43941783,-448.375,43941783,6336,
43996633,-6425,43996633,-78,43996633,-257.427,43996633,6398,
44057244,-6487,44057244,-638,44057244,-120.39,44057244,6461,
44116828,-6537,44116828,-558,44116828,-239.544,44116828,6509,
44167492,-6597,44167492,-173,44167492,-461.9,44167492,6571,
44238259,-6656,44238259,-409,44238259,-395.049,44238259,6633,
44292881,-6708,44292881,-249,44292881,60.924,44292881,6694,
44362937,-6782,44362937,-113,44362937,-313.137,44362937,6757,
44420660,-6846,44420660,-98,44420660,-246.219,44420660,6819,
44481768,-6913,44481768,-509,44481768,-81.1684,44481768,6883,
44541839,-6967,44541839,297,44541839,70.0536,44541839,6947,
44609537,-7052,44609537,-361,44609537,-322.43,44609537,7007,
44673696,-7086,44673696,-470,44673696,54.0047,44673696,7071,
44727040,-7163,44727040,-451,44727040,-176.439,44727040,7133,
44793896,-7207,44793896,-436,44793896,-390.683,44793896,7192,
44861603,-7273,44861603,-28,44861603,-448.728,44861603,7254,
44915714,-7345,44915714,-289,44915714,-295.757,44915714,7317,
44979606,-7423,44979606,-524,44979606,-112.877,44979606,7381,
45044495,-7480,45044495,0,45044495,-157.913,45044495,7443,
45107176,-7525,45107176,45,45107176,-314.062,45107176,7507,
45168650,-7602,45168650,104,45168650,-303.916,45168650,7567,
45224893,-7643,45224893,-529,45224893,-240.572,45224893,7618,
45280265,-7707,45280265,-697,45280265,-58.27,45280265,7675,
45331456,-7753,45331456,-637,45331456,-367.31,45331456,7721,
45382885,-7815,45382885,-491,45382885,-794.148,45382885,7785,
45468172,-7897,45468172,-376,45468172,-137.498,45468172,7865,
45529268,-7972,45529268,-122,45529268,-255.587,45529268,7924,
45591161,-7989,45591161,-391,45591161,123.476,45591161,7987,
45641119,-8082,45641119,-286,45641119,-360.983,45641119,8034,
45717194,-8128,45717194,-559,45717194,-60.0712,45717194,8110,
45770423,-8186,45770423,-308,45770423,-368.916,45770423,8176,
45833748,-8269,45833748,-12,45833748,-229.048,45833748,8236,
45900778,-8354,45900778,374,45900778,-201.084,45900778,8300,
45990959,-8421,45990959,-446,45990959,-460.212,45990959,8392,
46071877,-8507,46071877,-318,46071877,-480.75,46071877,8469,
46144815,-8601,46144815,-64,46144815,-344.908,46144815,8548,
46231650,-8648,46231650,27,46231650,-421.226,46231650,8621,
46293503,-8715,46293503,-662,46293503,-361.098,46293503,8688,
46354010,-8780,46354010,26,46354010,-272.712,46354010,8747,
46415630,-8826,46415630,-112,46415630,-208.76,46415630,8809,
46469088,-8838,46469088,-845,46469088,-529.767,46469088,8857,
46523466,-6055,46523466,15766,46523466,26388.8,46523466,6019,
46586094,-6104,46586094,152,46586094,-205.437,46586094,6081,
46638764,-6163,46638764,-114,46638764,-429.654,46638764,6129,
46704865,-6216,46704865,30,46704865,-340.599,46704865,6208,
46760681,-6282,46760681,3,46760681,-170.92,46760681,6254,
46815407,-6364,46815407,-479,46815407,-200.746,46815407,6313,
46902191,-6428,46902191,-268,46902191,-315.836,46902191,6394,
46954870,-6485,46954870,-470,46954870,-609.011,46954870,6455,
47017788,-6543,47017788,15,47017788,-205.983,47017788,6518,
47081730,-6615,47081730,-383,47081730,-80.881,47081730,6579,
47146572,-6657,47146572,-628,47146572,-189.171,47146572,6642,
47204545,-6727,47204545,-315,47204545,-223.316,47204545,6705,
47272498,-6789,47272498,-637,47272498,-155.425,47272498,6765,
47326034,-6850,47326034,-775,47326034,-309.347,47326034,6829,
47381751,-6886,47381751,277,47381751,-166.401,47381751,6873,
47429639,-6939,47429639,-476,47429639,-126.194,47429639,6921,
47482399,-7003,47482399,-392,47482399,0,47482399,6982,
47543520,-7074,47543520,-409,47543520,-421.767,47543520,7045,
47610606,-7141,47610606,-768,47610606,-360.612,47610606,7107,
47668296,-7197,47668296,-264,47668296,-414.77,47668296,7171,
47731803,-7252,47731803,-436,47731803,-604.838,47731803,7235,
47801800,-7316,47801800,-387,47801800,-197.82,47801800,7305,
47868902,-7376,47868902,-529,47868902,-482.992,47868902,7357,
47921993,-7435,47921993,-57,47921993,-345.061,47921993,7419,
47982333,-7499,47982333,-413,47982333,-539.151,47982333,7481,
48049258,-7582,48049258,-218,48049258,-167.353,48049258,7544,
48113515,-7639,48113515,-223,48113515,-391.291,48113515,7607,
48163043,-7675,48163043,349,48163043,-321.34,48163043,7654,
48223391,-7748,48223391,-470,48223391,-481.38,48223391,7717,
48293624,-7831,48293624,-880,48293624,-455.524,48293624,7799,
48359902,-7877,48359902,-372,48359902,-311.857,48359902,7858,
48417170,-7945,48417170,-203,48417170,-219.637,48417170,7921,
48485800,-8009,48485800,-157,48485800,-222.78,48485800,7984,
48553564,-8084,48553564,-614,48553564,-558.98,48553564,8046,
48611340,-8145,48611340,-94,48611340,-305.057,48611340,8107,
48681542,-8179,48681542,-579,48681542,96.8537,48681542,8168,
48732369,-8259,48732369,42,48732369,-225.383,48732369,8230,
48793315,-8318,48793315,-362,48793315,-427.412,48793315,8292,
48855638,-8366,48855638,-205,48855638,-340.567,48855638,8354,
48917266,-8418,48917266,-73,48917266,-373.437,48917266,8404,
48963477,-8477,48963477,-360,48963477,-368.651,48963477,8465,
49026488,-8569,49026488,-940,49026488,34.5427,49026488,8527,
49098044,-8615,49098044,-522,49098044,-200.551,49098044,8589,
49157178,-8684,49157178,-5,49157178,-322.622,49157178,8657,
49222622,-8726,49222622,-184,49222622,-15.4926,49222622,8717,
49272811,-8783,49272811,357,49272811,-421.722,49272811,8760,
49323038,-8850,49323038,-210,49323038,-527.836,49323038,8823,
49391203,-7940,49391203,6488,49391203,-361.17,49391203,8885,
49444287,-6079,49444287,-339,49444287,255.241,49444287,6046,
49508932,-6149,49508932,-336,49508932,42.0637,49508932,6109,
49576639,-6202,49576639,-17,49576639,-253.407,49576639,6171,
49632402,-6248,49632402,315,49632402,-70.4745,49632402,6226,
49694592,-6325,49694592,-273,49694592,-381.548,49694592,6293,
49753051,-6373,49753051,-319,49753051,-554.635,49753051,6351,
49809021,-6422,49809021,-646,49809021,-60.6842,49809021,6403,
49861758,-6494,49861758,-1015,49861758,-449.427,49861758,6465,
49929466,-6553,49929466,305,49929466,-137.852,49929466,6532,
49994079,-6614,49994079,-400,49994079,-115.95,49994079,6590,
50054045,-6689,50054045,-535,50054045,130.995,50054045,6657,
50127487,-6744,50127487,-207,50127487,-616.074,50127487,6714,
50186672,-6811,50186672,72,50186672,-517.136,50186672,6779,
50241169,-6850,50241169,-148,50241169,-471.213,50241169,6839,
50307046,-6925,50307046,-10,50307046,-296.241,50307046,6903,
50360226,-6970,50360226,-294,50360226,-542.257,50360226,6965,
50424033,-7043,50424033,-38,50424033,-606.285,50424033,7026,
50488496,-7118,50488496,-197,50488496,-319.47,50488496,7089,
50548112,-7161,50548112,-224,50548112,-247.593,50548112,7150,
50608295,-7213,50608295,-192,50608295,248.245,50608295,7211,
50667192,-7300,50667192,146,50667192,-432.733,50667192,7260,
50728860,-7348,50728860,-452,50728860,-41.8016,50728860,7322,
50789043,-7406,50789043,186,50789043,-554.805,50789043,7383,
50850320,-7472,50850320,-907,50850320,-505.946,50850320,7446,
50906155,-7525,50906155,223,50906155,-162.989,50906155,7510,
50963742,-7570,50963742,193,50963742,-324.069,50963742,7553,
51011961,-7628,51011961,301,51011961,214.834,51011961,7600,
51069863,-7711,51069863,-39,51069863,57.1533,51069863,7666,
51139918,-7775,51139918,-118,51139918,-598.311,51139918,7740,
51213472,-7818,51213472,-253,51213472,-391.389,51213472,7806,
51264495,-7903,51264495,-465,51264495,0,51264495,7864,
51337041,-7949,51337041,-517,51337041,-454.389,51337041,7929,
51386766,-8012,51386766,189,51386766,165.655,51386766,7990,
51447806,-8062,51447806,-88,51447806,-625.545,51447806,8040,
51498194,-8118,51498194,-688,51498194,-106.233,51498194,8099,
51554148,-8166,51554148,-822,51554148,-432.823,51554148,8146,
51612918,-8230,51612918,-816,51612918,-300.902,51612918,8210,
51666332,-8277,51666332,-601,51666332,-488.054,51666332,8255,
51725565,-8341,51725565,-1105,51725565,-201.237,51725565,8319,
51781231,-8395,51781231,210,51781231,29.8686,51781231,8381,
51842763,-8478,51842763,200,51842763,-387.209,51842763,8443,
51914285,-8529,51914285,290,51914285,-366.309,51914285,8505,
51965671,-8568,51965671,-826,51965671,-439.362,51965671,8553,
52012003,-8633,52012003,-614,52012003,-325.421,52012003,8615,
52075992,-8707,52075992,-321,52075992,-378.349,52075992,8681,
52143891,-8757,52143891,145,52143891,-514.636,52143891,8743,
52204283,-8815,52204283,-316,52204283,-346.713,52204283,8803,
52258520,-8865,52258520,-714,52258520,-131.609,52258520,8851,
52315628,-6816,52315628,15479,52315628,30000,52315628,6011,
52365441,-6081,52365441,376,52365441,107.175,52365441,6063,
52422733,-6147,52422733,-262,52422733,-312.136,52422733,6119,
52488126,-6207,52488126,-61,52488126,-458.226,52488126,6187,
52551092,-6281,52551092,-14,52551092,-610.303,52551092,6255,
52611638,-6335,52611638,-158,52611638,-335.329,52611638,6309,
52673687,-6404,52673687,5,52673687,-205.442,52673687,6371,
52736669,-6455,52736669,-727,52736669,-200.63,52736669,6433,
52789294,-6525,52789294,-566,52789294,-238.807,52789294,6491,
52852496,-6568,52852496,-932,52852496,0,52852496,6556,
52915844,-6649,52915844,-315,52915844,-372.733,52915844,6617,
52983666,-6698,52983666,-27,52983666,-310.08,52983666,6681,
53043934,-6755,53043934,-82,53043934,-235.911,53043934,6747,
53107522,-6844,53107522,-768,53107522,-235.978,53107522,6806,
53165924,-6914,53165924,-934,53165924,-636.569,53165924,6872,
53231097,-6945,53231097,-443,53231097,-661.69,53231097,6931,
53285858,-7008,53285858,178,53285858,-209.132,53285858,6979,
53345629,-7067,53345629,-330,53345629,-260.163,53345629,7040,
53406321,-7145,53406321,272,53406321,-254.367,53406321,7108,
53486167,-7194,53486167,-93,53486167,-344.429,53486167,7181,
53545649,-7264,53545649,85,53545649,-378.836,53545649,7241,
53603067,-7321,53603067,-154,53603067,-260.51,53603067,7303,
53668202,-7399,53668202,114,53668202,-391.593,53668202,7367,
53722906,-7436,53722906,-655,53722906,-322.742,53722906,7413,
53772437,-7468,53772437,-278,53772437,-235.953,53772437,7460,
53824256,-7534,53824256,115,53824256,239.502,53824256,7521,
53892403,-7625,53892403,-62,53892403,-215.498,53892403,7583,
53954059,-7659,53954059,-521,53954059,-343.098,53954059,7648,
54012020,-7744,54012020,-17,54012020,-126.278,54012020,7710,
54082714,-7795,54082714,-217,54082714,0,54082714,7771,
54129734,-7838,54129734,-564,54129734,-318.946,54129734,7821,
54177891,-7892,54177891,-487,54177891,-351.252,54177891,7866,
54227102,-7951,54227102,-794,54227102,-349.253,54227102,7931,
54288349,-8029,54288349,-858,54288349,-342.409,54288349,7995,
54363772,-8084,54363772,-637,54363772,-567.31,54363772,8059,
54421308,-8151,54421308,-680,54421308,-298.564,54421308,8115,
54475387,-8215,54475387,-452,54475387,-177.659,54475387,8179,
54553738,-8279,54553738,59,54553738,-483.742,54553738,8255,
54621638,-8340,54621638,0,54621638,-398.488,54621638,8319,
54689114,-8410,54689114,-1063,54689114,-160.9,54689114,8382,
54749015,-8459,54749015,-483,54749015,-520.749,54749015,8443,
54804440,-8493,54804440,66,54804440,-344.047,54804440,8487,
54862314,-8587,54862314,-149,54862314,-373.14,54862314,8554,
54929874,-8648,54929874,-24,54929874,-186.247,54929874,8629,
54990543,-8721,54990543,248,54990543,-442.233,54990543,8691,
55054739,-8778,55054739,342,55054739,-467.553,55054739,8754,
55119468,-8822,55119468,-24,55119468,-486.499,55119468,8818,
55176986,-7997,55176986,-146,55176986,-1007.94,55176986,8877,
55249302,-6103,55249302,42,55249302,-75.4,55249302,6056,
55319727,-6140,55319727,-286,55319727,-23.2327,55319727,6114,
55382802,-6191,55382802,-326,55382802,-33.2117,55382802,6177,
55440064,-6267,55440064,-417,55440064,-182.449,55440064,6239,
55508634,-6321,55508634,-168,55508634,-183.497,55508634,6303,
55563836,-6385,55563836,-368,55563836,-242.709,55563836,6368,
55632538,-6448,55632538,-75,55632538,-205.675,55632538,6425,
55687273,-6512,55687273,-642,55687273,-222.648,55687273,6492,
55758497,-6566,55758497,-155,55758497,-195.016,55758497,6551,
55809770,-6635,55809770,-40,55809770,-258.903,55809770,6613,
55921360,-6733,55921360,-415,55921360,-560.18,55921360,6707,
55977370,-6802,55977370,-380,55977370,-138.589,55977370,6771,
56038751,-6875,56038751,-872,56038751,0,56038751,6832,
56104504,-6928,56104504,114,56104504,-366.525,56104504,6893,
56159402,-6971,56159402,254,56159402,-384.401,56159402,6955,
56226436,-7043,56226436,-679,56226436,-91.3978,56226436,7018,
56280721,-7106,56280721,-226,56280721,-428.754,56280721,7082,
56348539,-7161,56348539,326,56348539,-470.889,56348539,7145,
56412255,-7221,56412255,-538,56412255,19.5968,56412255,7206,
56477753,-7281,56477753,26,56477753,-365.705,56477753,7268,
56530873,-7356,56530873,-523,56530873,-476.381,56530873,7330,
56592561,-7401,56592561,-518,56592561,-548.84,56592561,7379,
56647595,-7486,56647595,-367,56647595,-582.905,56647595,7437,
56712617,-7515,56712617,-279,56712617,-45.9668,56712617,7499,
56774191,-7589,56774191,-255,56774191,-126.045,56774191,7561,
56820750,-7643,56820750,-143,56820750,-328.108,56820750,7609,
56870596,-7703,56870596,94,56870596,245.902,56870596,7669,
56970715,-7798,56970715,286,56970715,-230.3,56970715,7763,
57035955,-7874,57035955,175,57035955,-64.4116,57035955,7829,
57118883,-7921,57118883,-152,57118883,-128.719,57118883,7906,
57174962,-7988,57174962,99,57174962,-179.661,57174962,7969,
57240667,-8055,57240667,-804,57240667,-447.618,57240667,8025,
57286037,-8126,57286037,-229,57286037,-403.979,57286037,8078,
57360206,-8167,57360206,382,57360206,-321.804,57360206,8153,
57424728,-8233,57424728,-447,57424728,-248.868,57424728,8219,
57480635,-8304,57480635,-251,57480635,-633.94,57480635,8278,
57548029,-8365,57548029,504,57548029,-604.901,57548029,8341,
57620399,-8416,57620399,-229,57620399,-392.115,57620399,8407,
57670123,-8488,57670123,-217,57670123,-37.0486,57670123,8464,
57729053,-8543,57729053,-778,57729053,-420.169,57729053,8527,
57791299,-8624,57791299,-1056,57791299,-294.38,57791299,8591,
57858414,-8672,57858414,-121,57858414,-352.45,57858414,8651,
57918154,-8776,57918154,-194,57918154,-448.791,57918154,8714,
58014412,-8838,58014412,-265,58014412,-567.14,58014412,8807,
58090359,-7801,58090359,11647,58090359,-754.813,58090359,8888,
58150356,-6103,58150356,-1220,58150356,-648.337,58150356,6048,
58219517,-6154,58219517,-272,58219517,-90.5252,58219517,6118,
58291096,-6230,58291096,-101,58291096,-157.589,58291096,6188,
58366688,-6293,58366688,-206,58366688,-124.54,58366688,6266,
58433312,-6354,58433312,-774,58433312,-361.665,58433312,6327,
58488154,-6399,58488154,-39,58488154,-317.813,58488154,6374,
58537172,-6453,58537172,-163,58537172,-445.443,58537172,6426,
58593216,-6502,58593216,82,58593216,-29.4783,58593216,6483,
58650999,-6572,58650999,-602,58650999,-359.776,58650999,6546,
58712421,-6633,58712421,-425,58712421,-190.034,58712421,6605,
58765598,-6662,58765598,-274,58765598,-296.27,58765598,6653,
58811928,-6699,58811928,29,58811928,-368.162,58811928,6699,
58858602,-6768,58858602,-87,58858602,-569.092,58858602,6746,
58907937,-6831,58907937,254,58907937,-581.916,58907937,6807,
58970968,-6884,58970968,-308,58970968,-166.955,58970968,6855,
59016669,-6945,59016669,-818,59016669,-2.85881,59016669,6902,
59073899,-6979,59073899,-34,59073899,-327.468,59073899,6963,
59131940,-7047,59131940,-468,59131940,-19.5983,59131940,7027,
59191499,-7112,59191499,-465,59191499,-758.151,59191499,7087,
59259660,-7180,59259660,-328,59259660,-311.018,59259660,7153,
59325877,-7250,59325877,228,59325877,-326.735,59325877,7227,
59394868,-7300,59394868,-574,59394868,-149.962,59394868,7292,
59458862,-7362,59458862,-691,59458862,-622.941,59458862,7351,
59509890,-7402,59509890,-87,59509890,-115.04,59509890,7397,
59561686,-7493,59561686,-447,59561686,-203.108,59561686,7466,
59634889,-7545,59634889,-95,59634889,-323.198,59634889,7523,
59686634,-7597,59686634,86,59686634,104.752,59686634,7569,
59728311,-7642,59728311,-121,59728311,-213.511,59728311,7616,
59775038,-7689,59775038,-419,59775038,-322.362,59775038,7661,
59826380,-7728,59826380,-60,59826380,-190.426,59826380,7707,
59872903,-7789,59872903,95,59872903,-190.505,59872903,7773,
59939293,-7854,59939293,-816,59939293,104.428,59939293,7835,
60006977,-7925,60006977,19,60006977,-265.764,60006977,7895,
60067096,-8014,60067096,-676,60067096,-244.599,60067096,7965,
60153373,-8082,60153373,-114,60153373,0,60153373,8053,
60224268,-8121,60224268,83,60224268,-651.023,60224268,8113,
60278129,-8211,60278129,-473,60278129,-372.017,60278129,8180,
60353744,-8246,60353744,-305,60353744,-503.005,60353744,8239,
60406170,-8323,60406170,-474,60406170,55.4368,60406170,8307,
60474607,-8399,60474607,244,60474607,-272.426,60474607,8365,
60535963,-8453,60535963,188,60535963,55.7856,60535963,8429,
60595457,-8511,60595457,-657,60595457,-247.258,60595457,8490,
60655928,-8576,60655928,437,60655928,-499.146,60655928,8551,
60718461,-8642,60718461,39,60718461,-392.595,60718461,8615,
60786399,-8688,60786399,-461,60786399,-266.627,60786399,8680,
60850288,-8752,60850288,-166,60850288,-289.728,60850288,8743,
60907242,-8835,60907242,-429,60907242,-363.842,60907242,8804,
60983733,-8237,60983733,4028,60983733,-675.871,60983733,8878,
61044541,-6068,61044541,-411,61044541,-413.956,61044541,6039,
61114348,-6147,61114348,-272,61114348,-299.565,61114348,6101,
61183459,-6196,61183459,-126,61183459,-257.356,61183459,6181,
61245383,-6276,61245383,-135,61245383,-131.74,61245383,6242,
61312546,-6330,61312546,-74,61312546,-435.549,61312546,6305,
61366091,-6390,61366091,-185,61366091,-306.553,61366091,6367,
61430463,-6462,61430463,-730,61430463,-227.649,61430463,6429,
61504518,-6526,61504518,-326,61504518,-194.261,61504518,6490,
61571501,-6593,61571501,41,61571501,-489.85,61571501,6570,
61636010,-6665,61636010,-529,61636010,-289.929,61636010,6629,
61703182,-6713,61703182,-452,61703182,-74.0143,61703182,6691,
61754871,-6775,61754871,-190,61754871,-321.078,61754871,6740,
61806208,-6828,61806208,-761,61806208,63.8448,61806208,6805,
61864058,-6881,61864058,-123,61864058,-490.97,61864058,6867,
61938005,-6945,61938005,125,61938005,-248.294,61938005,6925,
61990028,-7018,61990028,-33,61990028,-355.2,61990028,6990,
62075462,-7101,62075462,-169,62075462,-135.505,62075462,7071,
62149768,-7165,62149768,-451,62149768,-243.38,62149768,7145,
62225923,-7244,62225923,-16,62225923,-66.6961,62225923,7219,
62293487,-7306,62293487,-1005,62293487,-165.838,62293487,7284,
62349961,-7365,62349961,-92,62349961,-365.758,62349961,7349,
62410862,-7421,62410862,139,62410862,-249.867,62410862,7405,
62471808,-7499,62471808,-647,62471808,-617.898,62471808,7471,
62559854,-7586,62559854,-40,62559854,-17.0459,62559854,7551,
62626032,-7649,62626032,-606,62626032,-622.142,62626032,7623,
62693883,-7727,62693883,-556,62693883,-258.101,62693883,7687,
62755218,-7760,62755218,-474,62755218,-704.379,62755218,7749,
62811908,-7821,62811908,-337,62811908,-259.393,62811908,7810,
62873874,-7903,62873874,-661,62873874,-184.442,62873874,7874,
62945697,-7942,62945697,-575,62945697,-191.512,62945697,7935,
63000403,-8017,63000403,-303,63000403,-400.657,63000403,7996,
63068296,-8141,63068296,323,63068296,-182.689,63068296,8057,
63172852,-8191,63172852,-686,63172852,-299.82,63172852,8167,
63250087,-8278,63250087,-47,63250087,-357.637,63250087,8244,
63319422,-8339,63319422,-271,63319422,-604.995,63319422,8309,
63385757,-8399,63385757,-132,63385757,-319.172,63385757,8370,
63445536,-8485,63445536,-475,63445536,-560.192,63445536,8432,
63524324,-8528,63524324,130,63524324,-77.1286,63524324,8519,
63581625,-8611,63581625,-213,63581625,-330.127,63581625,8574,
63644464,-8659,63644464,-121,63644464,-235.233,63644464,8636,
63706441,-8710,63706441,-456,63706441,-346.517,63706441,8696,
63765514,-8783,63765514,16,63765514,-161.659,63765514,8758,
63826609,-8847,63826609,-178,63826609,-409.399,63826609,8823,
63892459,-7838,63892459,8351,63892459,-834.262,63892459,8882,
63951586,-6079,63951586,-936,63951586,-392.338,63951586,6044,
64033992,-6135,64033992,303,64033992,-133.81,64033992,6121,
64082851,-6184,64082851,-56,64082851,-326.288,64082851,6170,
64135031,-6260,64135031,-697,64135031,-180.884,64135031,6229,
64193195,-6316,64193195,-522,64193195,-494.178,64193195,6293,
64262926,-6384,64262926,335,64262926,-431.321,64262926,6354,
64325771,-6449,64325771,-263,64325771,-304.215,64325771,6415,
64378398,-6511,64378398,-208,64378398,-349.128,64378398,6479,
64452884,-6558,64452884,52,64452884,-59.7143,64452884,6540,
64506961,-6634,64506961,-352,64506961,-295.522,64506961,6603,
64569468,-6704,64569468,-367,64569468,-298.164,64569468,6665,
64632366,-6733,64632366,-172,64632366,-377.246,64632366,6728,
64690017,-6816,64690017,-258,64690017,-160.307,64690017,6789,
64764010,-6868,64764010,21,64764010,-241.385,64764010,6851,
64817753,-6947,64817753,-404,64817753,-370.448,64817753,6913,
64880876,-6988,64880876,-436,64880876,-457.377,64880876,6977,
64941530,-7066,64941530,-662,64941530,-149.355,64941530,7042,
65005050,-7123,65005050,-835,65005050,-402.664,65005050,7100,
65060899,-7159,65060899,-269,65060899,-225.72,65060899,7147,
65111264,-7217,65111264,-442,65111264,-464.84,65111264,7211,
65174310,-7344,65174310,-423,65174310,-291.882,65174310,7283,
65291805,-7408,65291805,-197,65291805,144.7,65291805,7388,
65353491,-7481,65353491,-174,65353491,-116.062,65353491,7442,
65410084,-7511,65410084,-8,65410084,-551.154,65410084,7505,
65474457,-7616,65474457,-612,65474457,-161.248,65474457,7569,
65552796,-7691,65552796,-217,65552796,-137.324,65552796,7645,
65614140,-7735,65614140,-280,65614140,-333.69,65614140,7709,
65673578,-7803,65673578,-575,65673578,-538.014,65673578,7769,
65736320,-7870,65736320,-251,65736320,-296.631,65736320,7833,
65802982,-7911,65802982,380,65802982,0,65802982,7901,
65864575,-7987,65864575,-808,65864575,-175.528,65864575,7962,
65917468,-8046,65917468,-602,65917468,-136.789,65917468,8022,
66045057,-8175,66045057,-133,66045057,-591.936,66045057,8129,
66100100,-8218,66100100,-334,66100100,-199.919,66100100,8191,
66162036,-8279,66162036,-266,66162036,-273.093,66162036,8254,
66230092,-8351,66230092,19,66230092,-372.236,66230092,8323,
66292220,-8397,66292220,-776,66292220,-247.256,66292220,8378,
66350662,-8458,66350662,-373,66350662,-300.339,66350662,8446,
66409250,-8532,66409250,-109,66409250,80.5791,66409250,8507,
66472790,-8615,66472790,-29,66472790,-490.599,66472790,8573,
66548430,-8655,66548430,-680,66548430,-343.596,66548430,8644,
66606317,-8724,66606317,194,66606317,-283.451,66606317,8704,
66667182,-8781,66667182,-556,66667182,-269.025,66667182,8754,
66719666,-8857,66719666,-958,66719666,-507.843,66719666,8819,
66814600,-6151,66814600,16270,66814600,30000,66814600,6014,
66880951,-6102,66880951,-192,66880951,169.376,66880951,6072,
66955071,-6155,66955071,155,66955071,-184.263,66955071,6149,
67015181,-6240,67015181,-117,67015181,-208.845,67015181,6210,
67073700,-6308,67073700,191,67073700,-320.478,67073700,6273,
67148093,-6382,67148093,-259,67148093,-258.75,67148093,6353,
67221694,-6433,67221694,75,67221694,-206.649,67221694,6412,
67274964,-6510,67274964,-428,67274964,0,67274964,6475,
67341586,-6552,67341586,-465,67341586,-161.356,67341586,6538,
67396018,-6607,67396018,-820,67396018,-415.936,67396018,6582,
67449556,-6664,67449556,-184,67449556,-536.93,67449556,6643,
67507941,-6731,67507941,79,67507941,-29.1721,67507941,6708,
67574805,-6851,67574805,-759,67574805,-76.1108,67574805,6789,
67695463,-6911,67695463,-649,67695463,-275.228,67695463,6892,
67757083,-6983,67757083,253,67757083,-2.29142,67757083,6956,
67829049,-7056,67829049,-201,67829049,-484.436,67829049,7024,
67894881,-7116,67894881,-832,67894881,141.472,67894881,7079,
67948554,-7172,67948554,-169,67948554,-290.691,67948554,7146,
68009626,-7216,68009626,-806,68009626,-162.621,68009626,7203,
68067091,-7297,68067091,120,68067091,-616.144,68067091,7267,
68132227,-7351,68132227,-576,68132227,-135.745,68132227,7327,
68195796,-7430,68195796,-27,68195796,56.8896,68195796,7395,
68266345,-7471,68266345,-278,68266345,-289.718,68266345,7457,
68329787,-7537,68329787,-284,68329787,-499.874,68329787,7530,
68392570,-7628,68392570,-507,68392570,-271.199,68392570,7590,
68458610,-7678,68458610,69,68458610,-585.319,68458610,7654,
68527691,-7762,68527691,-251,68527691,-239.248,68527691,7715,
68600860,-7834,68600860,-232,68600860,116.466,68600860,7793,
68658289,-7874,68658289,-108,68658289,-236.41,68658289,7854,
68724119,-7955,68724119,-860,68724119,-447.207,68724119,7917,
68783958,-7987,68783958,-380,68783958,-141.654,68783958,7980,
68842346,-8088,68842346,-498,68842346,-639.243,68842346,8045,
68923533,-8152,68923533,-883,68923533,-291.75,68923533,8119,
68989062,-8211,68989062,-633,68989062,-423.98,68989062,8185,
69050277,-8254,69050277,-596,69050277,-465.742,69050277,8245,
69105572,-8318,69105572,-326,69105572,-23.9684,69105572,8292,
69162499,-8365,69162499,-898,69162499,-277.056,69162499,8355,
69213833,-8413,69213833,379,69213833,-249.339,69213833,8400,
69260340,-8463,69260340,-514,69260340,-410.775,69260340,8449,
69318420,-8544,69318420,116,69318420,-373.054,69318420,8512,
69378350,-8593,69378350,-61,69378350,0,69378350,8580,
69446485,-8676,69446485,-551,69446485,-300.442,69446485,8637,
69507578,-8718,69507578,-364,69507578,-636.18,69507578,8698,
69561077,-8788,69561077,149,69561077,-437.616,69561077,8762,
69631692,-8857,69631692,-573,69631692,-118.66,69631692,8824,
69697670,-7864,69697670,8046,69697670,-570.945,69697670,8887,
69750263,-6076,69750263,-876,69750263,-858.614,69750263,6053,
69812568,-6128,69812568,-319,69812568,-614.43,69812568,6096,
69852968,-6176,69852968,-691,69852968,-396.51,69852968,6144,
69916688,-6239,69916688,-273,69916688,-694.572,69916688,6206,
69971519,-6292,69971519,113,69971519,-541.323,69971519,6269,
70033629,-6368,70033629,-701,70033629,0,70033629,6332,
70103363,-6418,70103363,-7,70103363,-179.806,70103363,6393,
70159702,-6482,70159702,-513,70159702,-115.405,70159702,6461,
70222181,-6544,70222181,-192,70222181,-235.99,70222181,6517,
70286075,-6599,70286075,221,70286075,-247.035,70286075,6585,
70347637,-6670,70347637,68,70347637,-303.109,70347637,6642,
70414722,-6734,70414722,245,70414722,88.8357,70414722,6707,
70470109,-6789,70470109,-786,70470109,-371.211,70470109,6769,
70540324,-6856,70540324,-200,70540324,-148.319,70540324,6830,
70595297,-6909,70595297,-626,70595297,-143.92,70595297,6892,
70670924,-6995,70670924,-491,70670924,154.837,70670924,6969,
70733478,-7045,70733478,-407,70733478,-364.636,70733478,7030,
70791787,-7101,70791787,-19,70791787,-450.426,70791787,7077,
70847855,-7172,70847855,-668,70847855,229.293,70847855,7145,
70911116,-7223,70911116,-878,70911116,-413.779,70911116,7205,
70970025,-7297,70970025,-716,70970025,-421.08,70970025,7267,
71033234,-7354,71033234,-316,71033234,-470.964,71033234,7327,
71094695,-7424,71094695,-681,71094695,-570.009,71094695,7389,
71158894,-7494,71158894,-721,71158894,-134.017,71158894,7454,
71227098,-7552,71227098,-152,71227098,-642.19,71227098,7518,
71295424,-7617,71295424,-475,71295424,-327.249,71295424,7592,
71346657,-7663,71346657,-142,71346657,-19.3039,71346657,7643,
71404424,-7725,71404424,-679,71404424,-288.643,71404424,7703,
71471807,-7789,71471807,-394,71471807,-51.9049,71471807,7763,
71540087,-7866,71540087,16,71540087,193.972,71540087,7824,
71589915,-7898,71589915,-753,71589915,-502.533,71589915,7884,
71654578,-7949,71654578,-312,71654578,-287.382,71654578,7947,
71709556,-8018,71709556,-152,71709556,-548.404,71709556,8008,
71772300,-8088,71772300,456,71772300,-233.729,71772300,8063,
71835025,-8131,71835025,-737,71835025,-396.919,71835025,8117,
71927146,-8220,71927146,83,71927146,-502.918,71927146,8212,
71974638,-8291,71974638,-128,71974638,-378.041,71974638,8259,
72024743,-8334,72024743,-252,72024743,-149.59,72024743,8321,
72073299,-8375,72073299,164,72073299,0,72073299,8366,
72136736,-8454,72136736,-343,72136736,-318.315,72136736,8428,
72203204,-8521,72203204,-553,72203204,-365.406,72203204,8493,
72257026,-8581,72257026,-669,72257026,-345.491,72257026,8553,
72329514,-8635,72329514,-969,72329514,-203.461,72329514,8621,
72381307,-8699,72381307,-888,72381307,-346.672,72381307,8680,
72466754,-8788,72466754,-99,72466754,-170.151,72466754,8756,
72519909,-8848,72519909,106,72519909,-223.859,72519909,8817,
72577103,-8848,72577103,-546,72577103,-804.026,72577103,8867,
72635102,-6046,72635102,8844,72635102,13522.8,72635102,6030,
72689772,-6116,72689772,-27,72689772,-401.515,72689772,6091,
72767618,-6197,72767618,129,72767618,-544.424,72767618,6167,
72836215,-6254,72836215,-199,72836215,-322.54,72836215,6228,
72896715,-6315,72896715,-453,72896715,-535.733,72896715,6290,
72957323,-6376,72957323,-777,72957323,46.7484,72957323,6353,
73024428,-6444,73024428,153,73024428,-324.609,73024428,6415,
73076391,-6488,73076391,-674,73076391,-106.964,73076391,6467,
73127467,-6552,73127467,-81,73127467,-169.191,73127467,6524,
73199203,-6607,73199203,-655,73199203,-292.079,73199203,6587,
73253801,-6683,73253801,-180,73253801,-301.652,73253801,6652,
73312734,-6733,73312734,197,73312734,-94.0844,73312734,6711,
73377516,-6804,73377516,-169,73377516,-334.856,73377516,6776,
73437281,-6894,73437281,-67,73437281,-215.218,73437281,6839,
73532497,-6954,73532497,-496,73532497,-200.383,73532497,6929,
73599987,-7019,73599987,-621,73599987,0,73599987,6993,
73660511,-7076,73660511,95,73660511,229.339,73660511,7053,
73711594,-7122,73711594,-261,73711594,-323.579,73711594,7105,
73765553,-7209,73765553,-67,73765553,-505.66,73765553,7163,
73846590,-7272,73846590,132,73846590,85.5614,73846590,7240,
73922635,-7348,73922635,-494,73922635,-88.8796,73922635,7320,
73988668,-7420,73988668,5,73988668,95.5107,73988668,7385,
74054256,-7444,74054256,278,74054256,-241.59,74054256,7443,
74103463,-7497,74103463,-32,74103463,-1.9641,74103463,7491,
74158480,-7564,74158480,486,74158480,-45.0529,74158480,7555,
74214029,-7653,74214029,-971,74214029,-277.661,74214029,7612,
74285381,-7695,74285381,8,74285381,121.138,74285381,7674,
74341507,-7785,74341507,-1055,74341507,-401.738,74341507,7742,
74417941,-7855,74417941,-574,74417941,-470.002,74417941,7818,
74486434,-7907,74486434,-361,74486434,-224.344,74486434,7877,
74534916,-7971,74534916,-719,74534916,-102.72,74534916,7925,
74600107,-8016,74600107,-650,74600107,-391.643,74600107,7987,
74652339,-8072,74652339,-495,74652339,-253.733,74652339,8051,
74719722,-8126,74719722,-417,74719722,-391.799,74719722,8109,
74771580,-8174,74771580,66,74771580,-409.927,74771580,8158,
74826962,-8246,74826962,46,74826962,49.9867,74826962,8221,
74894289,-8303,74894289,221,74894289,-386.023,74894289,8283,
74946801,-8375,74946801,-343,74946801,-534.089,74946801,8344,
75006481,-8423,75006481,-417,75006481,-246.187,75006481,8406,
75067275,-8479,75067275,-972,75067275,-249.379,75067275,8455,
75125504,-8519,75125504,-521,75125504,-419.242,75125504,8517,
75174589,-8579,75174589,-270,75174589,-354.43,75174589,8565,
75224808,-8646,75224808,215,75224808,-36.5254,75224808,8624,
75291839,-8700,75291839,256,75291839,-370.554,75291839,8686,
75349202,-8770,75349202,222,75349202,-254.671,75349202,8751,
75420030,-8836,75420030,118,75420030,-283.753,75420030,8811,
75473789,-8781,75473789,-712,75473789,-394.872,75473789,8873,
75535855,-6056,75535855,746,75535855,5469.08,75535855,6037,
75600488,-6126,75600488,-603,75600488,-24.7296,75600488,6103,
75662963,-6190,75662963,-539,75662963,-159.333,75662963,6161,
75722246,-6244,75722246,-164,75722246,-566.991,75722246,6209,
75776619,-6299,75776619,-456,75776619,-330.767,75776619,6273,
75837934,-6358,75837934,-802,75837934,-271.475,75837934,6334,
75898219,-6430,75898219,-75,75898219,-321.649,75898219,6397,
75964867,-6476,75964867,-76,75964867,-101.47,75964867,6459,
76025329,-6545,76025329,-460,76025329,-326.762,76025329,6519,
76080542,-6597,76080542,-250,76080542,-57.2136,76080542,6569,
76135256,-6651,76135256,-284,76135256,-346.837,76135256,6628,
76186561,-6725,76186561,277,76186561,-142.683,76186561,6685,
76275997,-6805,76275997,-782,76275997,64.7232,76275997,6771,
76346513,-6855,76346513,-246,76346513,-305.151,76346513,6832,
76404576,-6909,76404576,90,76404576,153.563,76404576,6895,
76456115,-7005,76456115,-20,76456115,-90.3099,76456115,6963,
76536880,-7045,76536880,-872,76536880,-143.822,76536880,7040,
76602313,-7116,76602313,-195,76602313,-390.463,76602313,7097,
76662755,-7193,76662755,-802,76662755,-67.503,76662755,7158,
76739653,-7247,76739653,389,76739653,-28.867,76739653,7235,
76800359,-7313,76800359,106,76800359,-340.235,76800359,7301,
76862414,-7375,76862414,-80,76862414,-410.816,76862414,7360,
76925787,-7470,76925787,28,76925787,-276.803,76925787,7422,
77014648,-7543,77014648,92,77014648,19.9368,77014648,7507,
77073192,-7582,77073192,-545,77073192,-215.018,77073192,7564,
77127753,-7639,77127753,-479,77127753,-647.093,77127753,7625,
77183146,-7688,77183146,-262,77183146,-563.159,77183146,7671,
77235664,-7738,77235664,-413,77235664,-543.211,77235664,7720,
77278180,-7787,77278180,164,77278180,-8.2752,77278180,7765,
77332932,-7853,77332932,-481,77332932,-195.343,77332932,7829,
77385207,-7900,77385207,-192,77385207,-41.4238,77385207,7877,
77447917,-7958,77447917,-62,77447917,-266.519,77447917,7943,
77520954,-8052,77520954,60,77520954,-376.588,77520954,8014,
77583512,-8097,77583512,-82,77583512,-348.665,77583512,8077,
77645045,-8162,77645045,5,77645045,-313.581,77645045,8137,
77706625,-8215,77706625,-44,77706625,-511.845,77706625,8198,
77763147,-8281,77763147,-542,77763147,-313.906,77763147,8261,
77822238,-8327,77822238,364,77822238,-405.839,77822238,8321,
77880426,-8400,77880426,-390,77880426,-153.329,77880426,8367,
77931639,-8439,77931639,-338,77931639,-430.967,77931639,8429,
77992856,-8506,77992856,42,77992856,-89.1395,77992856,8476,
78042620,-8577,78042620,-799,78042620,-338.467,78042620,8539,
78105255,-8626,78105255,-445,78105255,-315.563,78105255,8601,
78167720,-8689,78167720,47,78167720,-499.46,78167720,8663,
78222301,-8739,78222301,-190,78222301,-651.582,78222301,8711,
78279863,-8798,78279863,-638,78279863,-239.182,78279863,8771,
78339566,-8850,78339566,-720,78339566,-427.69,78339566,8833,
78401801,-7095,78401801,14264,78401801,30000,78401801,8897,
78462159,-6089,78462159,-413,78462159,122.352,78462159,6059,
78528465,-6149,78528465,-550,78528465,-330.602,78528465,6121,
78594474,-6208,78594474,-118,78594474,-400.77,78594474,6189,
78647700,-6271,78647700,-210,78647700,30.2833,78647700,6247,
78717117,-6344,78717117,-75,78717117,-228.791,78717117,6315,
78773903,-6390,78773903,-284,78773903,-639.875,78773903,6375,
78832646,-6472,78832646,-846,78832646,-231.939,78832646,6434,
78906307,-6517,78906307,-834,78906307,-292.022,78906307,6509,
78968789,-6596,78968789,-509,78968789,-207.093,78968789,6559,
79025097,-6662,79025097,-410,79025097,-290.443,79025097,6623,
79097880,-6721,79097880,-279,79097880,-299.183,79097880,6684,
79169954,-6793,79169954,-370,79169954,-562.189,79169954,6760,
79231098,-6842,79231098,-400,79231098,-310.057,79231098,6822,
79286017,-6905,79286017,-260,79286017,65.6113,79286017,6889,
79348067,-6983,79348067,-587,79348067,-448.312,79348067,6949,
79422047,-7038,79422047,-530,79422047,-203.678,79422047,7016,
79486266,-7082,79486266,207,79486266,-523.65,79486266,7074,
79542920,-7156,79542920,-537,79542920,-297.694,79542920,7136,
79602553,-7214,79602553,-587,79602553,-377.388,79602553,7196,
79666712,-7296,79666712,-56,79666712,192.149,79666712,7261,
79726848,-7347,79726848,-211,79726848,-575.01,79726848,7324,
79790736,-7409,79790736,-48,79790736,-563.714,79790736,7386,
79856475,-7453,79856475,-177,79856475,50.6816,79856475,7448,
79906442,-7517,79906442,239,79906442,124.093,79906442,7507,
79968654,-7567,79968654,-110,79968654,-573.203,79968654,7554,
80022017,-7663,80022017,-2,80022017,-638.436,80022017,7625,
80103631,-7704,80103631,-297,80103631,-284.45,80103631,7695,
80156776,-7762,80156776,-881,80156776,-610.232,80156776,7741,
80202646,-7818,80202646,-437,80202646,-238.562,80202646,7787,
80247588,-7853,80247588,219,80247588,-368.618,80247588,7837,
80300039,-7915,80300039,-498,80300039,-141.202,80300039,7902,
80362067,-8003,80362067,-672,80362067,-591.714,80362067,7960,
80445411,-8049,80445411,338,80445411,-447.878,80445411,8039,
80564187,-8170,80564187,-763,80564187,-204.946,80564187,8149,
80624119,-8241,80624119,-365,80624119,-19.1066,80624119,8210,
80690265,-8288,80690265,-680,80690265,-338.045,80690265,8272,
80730935,-8357,80730935,-10,80730935,84.7387,80730935,8339,
80811682,-8429,80811682,-906,80811682,-274.441,80811682,8414,
80871549,-8499,80871549,-817,80871549,-412.375,80871549,8474,
80939408,-8555,80939408,-699,80939408,-416.522,80939408,8535,
81000659,-8620,81000659,-634,81000659,-295.564,81000659,8602,
81067170,-8677,81067170,-363,81067170,-179.549,81067170,8661,
81123754,-8730,81123754,-874,81123754,-103.782,81123754,8728,
81183693,-8819,81183693,-606,81183693,-415.905,81183693,8791,
81261177,-8813,81261177,-91,81261177,-886.107,81261177,8867,
81330878,-6032,81330878,6484,81330878,20333.8,81330878,6026,
81385961,-6121,81385961,-713,81385961,-159.478,81385961,6089,
81456314,-6180,81456314,-507,81456314,-476.569,81456314,6151,
81512931,-6238,81512931,-412,81512931,-623.867,81512931,6214,
81569475,-6299,81569475,-270,81569475,-399.463,81569475,6262,
81628367,-6353,81628367,-358,81628367,-538.777,81628367,6323,
81681731,-6433,81681731,-62,81681731,-345.895,81681731,6392,
81766397,-6499,81766397,-424,81766397,-462.946,81766397,6462,
81830380,-6550,81830380,-179,81830380,-547.031,81830380,6524,
81899361,-6590,81899361,167,81899361,-154.233,81899361,6586,
81943924,-6682,81943924,-517,81943924,-33.9749,81943924,6649,
82015803,-6742,82015803,119,82015803,-252.247,82015803,6712,
82067782,-6802,82067782,-628,82067782,-539.792,82067782,6773,
82135883,-6862,82135883,-35,82135883,-438.866,82135883,6837,
82194812,-6940,82194812,109,82194812,41.6591,82194812,6901,
82269472,-6990,82269472,-204,82269472,-617.841,82269472,6961,
82327820,-7042,82327820,-128,82327820,-223.922,82327820,7023,
82387962,-7105,82387962,-83,82387962,-380.122,82387962,7087,
82450878,-7175,82450878,447,82450878,-111.839,82450878,7150,
82508096,-7238,82508096,293,82508096,-324.907,82508096,7211,
82580371,-7307,82580371,-673,82580371,-352.09,82580371,7271,
82631042,-7344,82631042,93,82631042,-502.897,82631042,7318,
82680862,-7405,82680862,-723,82680862,-553.014,82680862,7381,
82733470,-7438,82733470,-509,82733470,-294.015,82733470,7429,
82791050,-7513,82791050,-610,82791050,-452.284,82791050,7489,
82856542,-7577,82856542,-292,82856542,51.7347,82856542,7554,
82925829,-7651,82925829,-416,82925829,28.79,82925829,7629,
82993778,-7731,82993778,-408,82993778,-219.406,82993778,7691,
83049808,-7756,83049808,-134,83049808,-250.467,83049808,7739,
83106481,-7844,83106481,-328,83106481,-782.553,83106481,7803,
83181673,-7922,83181673,-952,83181673,-376.808,83181673,7879,
83252433,-7969,83252433,-164,83252433,-358.006,83252433,7940,
83299714,-8016,83299714,-470,83299714,-455.917,83299714,8008,
83362282,-8082,83362282,-84,83362282,-275.852,83362282,8065,
83422604,-8128,83422604,-509,83422604,-361.936,83422604,8111,
83469968,-8185,83469968,-457,83469968,-366.969,83469968,8175,
83531300,-8249,83531300,193,83531300,-345.084,83531300,8220,
83589946,-8321,83589946,-87,83589946,-203.115,83589946,8286,
83653052,-8365,83653052,-629,83653052,-276.278,83653052,8347,
83710945,-8427,83710945,156,83710945,-338.31,83710945,8407,
83768077,-8495,83768077,145,83768077,-57.1124,83768077,8468,
83839114,-8561,83839114,50,83839114,-364.616,83839114,8533,
83900103,-8635,83900103,-880,83900103,-323.584,83900103,8595,
83971084,-8701,83971084,-696,83971084,-152.492,83971084,8672,
84040548,-8759,84040548,-987,84040548,-173.768,84040548,8735,
84095060,-8817,84095060,-1008,84095060,-607.669,84095060,8797,
84153357,-8853,84153357,520,84153357,-151.751,84153357,8841,
84200606,-6601,84200606,15768,84200606,30000,84200606,6007,
84267982,-6091,84267982,-643,84267982,-406.42,84267982,6083,
84337243,-6147,84337243,-423,84337243,-159.491,84337243,6136,
84393559,-6234,84393559,-347,84393559,-238.868,84393559,6196,
84457506,-6292,84457506,-660,84457506,-148.635,84457506,6257,
84523748,-6340,84523748,-31,84523748,-580.713,84523748,6317,
84567050,-6394,84567050,281,84567050,-250.765,84567050,6362,
84649093,-6471,84649093,-323,84649093,-711.789,84649093,6443,
84697747,-6523,84697747,1,84697747,-419.15,84697747,6503,
84753075,-6566,84753075,157,84753075,-162.928,84753075,6547,
84810593,-6638,84810593,-210,84810593,-133.858,84810593,6612,
84872437,-6705,84872437,-240,84872437,33.6298,84872437,6675,
84951377,-6774,84951377,-367,84951377,-198.188,84951377,6751,
85006204,-6847,85006204,59,85006204,-267.967,85006204,6811,
85069805,-6902,85069805,-810,85069805,-448.238,85069805,6860,
85146272,-6959,85146272,-466,85146272,-698.324,85146272,6937,
85193993,-7016,85193993,-412,85193993,-43.1162,85193993,6987,
85256060,-7084,85256060,-33,85256060,-283.596,85256060,7048,
85311114,-7123,85311114,119,85311114,-416.661,85311114,7110,
85365347,-7208,85365347,154,85365347,43.2775,85365347,7171,
85426446,-7245,85426446,-102,85426446,-528.783,85426446,7219,
85476105,-7303,85476105,-365,85476105,-213.065,85476105,7281,
85545072,-7372,85545072,-373,85545072,-454.834,85545072,7343,
85599570,-7439,85599570,-385,85599570,-9.99752,85599570,7408,
85662721,-7467,85662721,-265,85662721,-302.97,85662721,7452,
85706084,-7531,85706084,-562,85706084,-135.048,85706084,7499,
85765617,-7579,85765617,-665,85765617,-614.341,85765617,7565,
85826014,-7650,85826014,-274,85826014,-135.271,85826014,7623,
85876557,-7695,85876557,-823,85876557,-22.3305,85876557,7672,
85932213,-7776,85932213,-365,85932213,-185.409,85932213,7734,
85991008,-7796,85991008,-659,85991008,-341.453,85991008,7795,
86049241,-7861,86049241,-112,86049241,-500.493,86049241,7843,
86095746,-7907,86095746,-902,86095746,-443.632,86095746,7889,
86144442,-7971,86144442,-754,86144442,-716.237,86144442,7951,
86214299,-8066,86214299,-28,86214299,-333.775,86214299,8023,
86300440,-8109,86300440,-584,86300440,-298.884,86300440,8093,
86354962,-8180,86354962,275,86354962,-239.723,86354962,8156,
86413067,-8251,86413067,-348,86413067,-206.101,86413067,8217,
86478699,-8296,86478699,-843,86478699,-420.174,86478699,8279,
86539769,-8366,86539769,212,86539769,-420.079,86539769,8341,
86600025,-8424,86600025,-25,86600025,-151.266,86600025,8403,
86660351,-8498,86660351,130,86660351,-263.334,86660351,8450,
86729598,-8560,86729598,22,86729598,-226.553,86729598,8530,
86796445,-8624,86796445,-686,86796445,-384.523,86796445,8590,
86866965,-8691,86866965,177,86866965,-439.641,86866965,8668,
86931725,-8756,86931725,-139,86931725,-339.701,86931725,8730,
86983760,-8809,86983760,-909,86983760,-358.513,86983760,8776,
87037914,-8850,87037914,-457,87037914,-333.347,87037914,8839,
87101805,-6804,87101805,13743,87101805,30000,87101805,6006,
87160872,-6085,87160872,-92,87160872,364.778,87160872,6069,
87227630,-6164,87227630,-97,87227630,-47.6664,87227630,6126,
87297862,-6220,87297862,-691,87297862,-292.257,87297862,6186,
87346174,-6270,87346174,-113,87346174,-380.94,87346174,6254,
87409701,-6340,87409701,-553,87409701,-202.536,87409701,6313,
87479004,-6397,87479004,-125,87479004,-258.072,87479004,6378,
87531546,-6452,87531546,133,87531546,-263.594,87531546,6434,
87591925,-6532,87591925,-90,87591925,-75.1,87591925,6499,
87664715,-6580,87664715,-634,87664715,-320.966,87664715,6560,
87714961,-6645,87714961,-755,87714961,-94.6676,87714961,6613,
87778136,-6688,87778136,-43,87778136,-268.108,87778136,6673,
87837979,-6764,87837979,-93,87837979,-281.268,87837979,6733,
87899532,-6812,87899532,-69,87899532,-212.247,87899532,6794,
87952644,-6894,87952644,-176,87952644,-83.3444,87952644,6863,
88031619,-6963,88031619,-107,88031619,-362.539,88031619,6936,
88092859,-7029,88092859,-679,88092859,-5.8993,88092859,6999,
88154836,-7078,88154836,-396,88154836,-442.67,88154836,7059,
88222492,-7140,88222492,245,88222492,-88.5961,88222492,7123,
88287992,-7220,88287992,314,88287992,-498,88287992,7185,
88341106,-7270,88341106,-24,88341106,-58.7896,88341106,7245,
88403540,-7330,88403540,-602,88403540,-366.607,88403540,7307,
88470700,-7403,88470700,-145,88470700,-422.107,88470700,7369,
88531062,-7448,88531062,-822,88531062,-157.019,88531062,7433,
88592523,-7506,88592523,-81,88592523,-212.097,88592523,7495,
88645170,-7580,88645170,-175,88645170,-150.16,88645170,7549,
88710340,-7628,88710340,-587,88710340,198.006,88710340,7602,
88751032,-7671,88751032,-352,88751032,-368.289,88751032,7653,
88808434,-7735,88808434,-374,88808434,-100.723,88808434,7710,
88864475,-7790,88864475,119,88864475,-233.323,88864475,7759,
88923837,-7841,88923837,-267,88923837,-725.69,88923837,7821,
88971181,-7893,88971181,-171,88971181,-287.835,88971181,7871,
89038076,-7970,89038076,289,89038076,-356.83,89038076,7930,
89101692,-8012,89101692,8,89101692,0,89101692,8010,
89170095,-8091,89170095,-435,89170095,-225.81,89170095,8069,
89234049,-8139,89234049,-464,89234049,-329.005,89234049,8131,
89284335,-8211,89284335,-9,89284335,-172.805,89284335,8178,
89346118,-8260,89346118,-147,89346118,-386.164,89346118,8240,
89405332,-8329,89405332,-822,89405332,-384.309,89405332,8301,
89454798,-8367,89454798,26,89454798,108.088,89454798,8352,
89505621,-8421,89505621,194,89505621,-380.963,89505621,8396,
89554926,-8477,89554926,-430,89554926,-133.924,89554926,8459,
89615743,-8565,89615743,210,89615743,-322.519,89615743,8521,
89702113,-8622,89702113,-166,89702113,-318.781,89702113,8599,
89762895,-8681,89762895,-535,89762895,-319.761,89762895,8660,
89829464,-8766,89829464,228,89829464,-393.712,89829464,8724,
89908272,-8824,89908272,-649,89908272,-394.688,89908272,8802,
89971237,-8862,89971237,-322,89971237,-225.619,89971237,8864,
90032564,-6070,90032564,8544,90032564,16021.1,90032564,6028,
90079855,-6112,90079855,305,90079855,-470.361,90079855,6087,
90149064,-6164,90149064,-58,90149064,22.577,90149064,6146,
90213343,-6235,90213343,-211,90213343,-9.5479,90213343,6210,
90282542,-6314,90282542,-724,90282542,-275.651,90282542,6286,
90349665,-6361,90349665,-396,90349665,-303.82,90349665,6347,
90403413,-6438,90403413,-217,90403413,-68.7711,90403413,6409,
90471913,-6502,90471913,67,90471913,-251.866,90471913,6472,
90533818,-6554,90533818,57,90533818,-51.6558,90533818,6540,
90594019,-6626,90594019,-101,90594019,-391.034,90594019,6597,
90653134,-6669,90653134,-346,90653134,-283.078,90653134,6645,
90696222,-6717,90696222,-271,90696222,-490.221,90696222,6689,
90755500,-6781,90755500,-196,90755500,-246.078,90755500,6754,
90813876,-6870,90813876,-592,90813876,-272.251,90813876,6813,
90889225,-6909,90889225,272,90889225,-41.4598,90889225,6888,
90945929,-6954,90945929,-598,90945929,-150.415,90945929,6935,
90993155,-7016,90993155,345,90993155,-275.509,90993155,6997,
91057939,-7070,91057939,-161,91057939,-295.588,91057939,7062,
91118400,-7149,91118400,-223,91118400,-136.656,91118400,7122,
91179628,-7208,91179628,-573,91179628,-165.331,91179628,7183,
91239582,-7261,91239582,-129,91239582,-353.787,91239582,7231,
91316353,-7334,91316353,-349,91316353,0,91316353,7309,
91368147,-7397,91368147,-643,91368147,-283.467,91368147,7371,
91426754,-7444,91426754,-875,91426754,-25.0799,91426754,7421,
91477892,-7505,91477892,-82,91477892,-180.98,91477892,7481,
91537315,-7549,91537315,-406,91537315,-293.146,91537315,7527,
91589382,-7624,91589382,47,91589382,-167.233,91589382,7590,
91662669,-7675,91662669,-73,91662669,-458.304,91662669,7652,
91710096,-7758,91710096,-315,91710096,-445.38,91710096,7713,
91781863,-7791,91781863,-434,91781863,-198.425,91781863,7775,
91828557,-7833,91828557,-340,91828557,-598.51,91828557,7823,
91893851,-7906,91893851,-530,91893851,-449.831,91893851,7885,
91943184,-7966,91943184,51,91943184,-171.544,91943184,7933,
91998822,-8031,91998822,-815,91998822,-133.674,91998822,8000,
92064582,-8089,92064582,105,92064582,-299.804,92064582,8056,
92125408,-8141,92125408,117,92125408,-408.327,92125408,8117,
92180566,-8221,92180566,3,92180566,-263.514,92180566,8182,
92250176,-8261,92250176,32,92250176,-315.811,92250176,8242,
92309956,-8325,92309956,-429,92309956,-336.405,92309956,8306,
92369390,-8402,92369390,-73,92369390,-466.756,92369390,8367,
92432081,-8462,92432081,-897,92432081,-180.522,92432081,8432,
92502545,-8510,92502545,-729,92502545,-225.696,92502545,8497,
92555129,-8583,92555129,178,92555129,-300.476,92555129,8555,
92626712,-8660,92626712,333,92626712,-342.498,92626712,8631,
92693291,-8710,92693291,217,92693291,-278.63,92693291,8693,
92757581,-8776,92757581,493,92757581,-363.59,92757581,8755,
92816730,-8831,92816730,-463,92816730,-276.823,92816730,8818,
92879477,-7837,92879477,15838,92879477,30000,92879477,8880,
92945454,-6045,92945454,627,92945454,4259.71,92945454,6039,
92995045,-6103,92995045,-380,92995045,-214.349,92995045,6086,
93052631,-6169,93052631,-284,93052631,-401.694,93052631,6154,
93112036,-6228,93112036,-35,93112036,-325.509,93112036,6214,
93174294,-6308,93174294,-595,93174294,-402.56,93174294,6278,
93241440,-6375,93241440,-401,93241440,-331.969,93241440,6348,
93318509,-6445,93318509,-424,93318509,-283.75,93318509,6415,
93375385,-6516,93375385,-257,93375385,-274.839,93375385,6476,
93445799,-6579,93445799,-355,93445799,-212.831,93445799,6540,
93507614,-6660,93507614,-206,93507614,-322.098,93507614,6603,
93593476,-6742,93593476,-131,93593476,-30.6394,93593476,6695,
93670230,-6787,93670230,-298,93670230,-35.1907,93670230,6773,
93730937,-6854,93730937,-33,93730937,-205.265,93730937,6835,
93801299,-6938,93801299,-660,93801299,0,93801299,6897,
93868376,-7015,93868376,-108,93868376,85.1915,93868376,6976,
93934790,-7088,93934790,-322,93934790,-323.474,93934790,7039,
94014967,-7149,94014967,-709,94014967,-222.604,94014967,7115,
94075923,-7217,94075923,-579,94075923,-653.74,94075923,7183,
94166619,-7505,94166619,-281,94166619,-523.316,94166619,7280,
94436913,-7583,94436913,2,94436913,-229.128,94436913,7542,
94518643,-7628,94518643,-1192,94518643,-312.472,94518643,7619,
94583758,-7724,94583758,-747,94583758,41.5539,94583758,7681,
94677872,-7791,94677872,-176,94677872,-328.155,94677872,7778,
94734599,-7892,94734599,8,94734599,-181.593,94734599,7839,
94822939,-7937,94822939,-951,94822939,-601.69,94822939,7914,
94876544,-8008,94876544,-438,94876544,-161.657,94876544,7974,
94936959,-8058,94936959,-412,94936959,-219.14,94936959,8037,
94997055,-8119,94997055,-706,94997055,-404.974,94997055,8104,
95058034,-8184,95058034,-966,95058034,-298.924,95058034,8163,
95119641,-8244,95119641,-18,95119641,-31.5895,95119641,8225,
95185688,-8295,95185688,-333,95185688,-323.056,95185688,8287,
95243597,-8361,95243597,-343,95243597,-361.243,95243597,8335,
95290124,-8396,95290124,216,95290124,-276.162,95290124,8381,
95345328,-8452,95345328,545,95345328,-204.243,95345328,8443,
95402056,-8532,95402056,-295,95402056,-455.215,95402056,8506,
95474054,-8581,95474054,-815,95474054,-303.469,95474054,8567,
95521779,-8675,95521779,-611,95521779,-413.475,95521779,8612,
95601271,-8739,95601271,365,95601271,-300.637,95601271,8710,
95671788,-8789,95671788,-423,95671788,-241.916,95671788,8770,
95735590,-8857,95735590,-770,95735590,-383.657,95735590,8831,
95795923,-6076,95795923,-648,95795923,9137.59,95795923,6018,
95901208,-6133,95901208,-607,95901208,-233.249,95901208,6104,
95968367,-6211,95968367,71,95968367,-698.647,95968367,6171,
96047631,-6265,96047631,19,96047631,-39.3525,96047631,6243,
96105352,-6342,96105352,12,96105352,-244.336,96105352,6309,
96163617,-6430,96163617,-162,96163617,-392.588,96163617,6371,
96287145,-6512,96287145,-152,96287145,-72.3925,96287145,6485,
96352122,-6570,96352122,-224,96352122,-300.816,96352122,6553,
96413333,-6636,96413333,-230,96413333,-236.272,96413333,6616,
96468637,-6682,96468637,-548,96468637,-131.018,96468637,6663,
96523436,-6750,96523436,-647,96523436,57.9875,96523436,6727,
96587589,-6818,96587589,-626,96587589,-390.101,96587589,6794,
96649122,-6916,96649122,43,96649122,-440.205,96649122,6856,
96746417,-6960,96746417,-156,96746417,-417.206,96746417,6950,
96812403,-7077,96812403,-778,96812403,-81.618,96812403,7010,
96930074,-7136,96930074,-337,96930074,-362.496,96930074,7116,
96972881,-7192,96972881,-37,96972881,-481.548,96972881,7163,
97024046,-7246,97024046,-207,97024046,-294.488,97024046,7230,
97086264,-7316,97086264,-25,97086264,-251.808,97086264,7287,
97145481,-7375,97145481,-474,97145481,0,97145481,7350,
97207142,-7430,97207142,-376,97207142,-133.706,97207142,7414,
97281172,-7506,97281172,-453,97281172,-440.034,97281172,7473,
97332885,-7552,97332885,-332,97332885,-441.732,97332885,7539,
97396394,-7625,97396394,-360,97396394,-133.881,97396394,7601,
97464026,-7686,97464026,77,97464026,-485.231,97464026,7662,
97518790,-7744,97518790,60,97518790,-161.245,97518790,7725,
97588198,-7829,97588198,-90,97588198,-529.316,97588198,7789,
97666743,-7882,97666743,-297,97666743,-466.269,97666743,7863,
97720741,-7944,97720741,116,97720741,-32.6347,97720741,7924,
97777047,-8000,97777047,-583,97777047,-125.856,97777047,7971,
97829519,-8056,97829519,-192,97829519,-69.6357,97829519,8037,
97895539,-8128,97895539,-600,97895539,-107.53,97895539,8095,
97952469,-8231,97952469,-702,97952469,-300.897,97952469,8159,
98069273,-8299,98069273,-655,98069273,-370.908,98069273,8267,
98139832,-8355,98139832,112,98139832,-465.121,98139832,8343,
98195515,-8469,98195515,-141,98195515,-366.085,98195515,8389,
98308886,-8532,98308886,39,98308886,-273.169,98308886,8501,
98374890,-8597,98374890,233,98374890,-443.46,98374890,8575,
98441296,-8658,98441296,-349,98441296,-434.005,98441296,8641,
98501646,-8731,98501646,-996,98501646,-270.691,98501646,8701,
98567557,-8786,98567557,184,98567557,-460.58,98567557,8766,
98631770,-8856,98631770,-137,98631770,-201.86,98631770,8831,
98692165,-7678,98692165,16639,98692165,-597.791,98692165,8888,
98746758,-6071,98746758,-667,98746758,48.6277,98746758,6048,
98806236,-6150,98806236,-349,98806236,36.5556,98806236,6109,
98872378,-6220,98872378,33,98872378,-68.521,98872378,6173,
98939557,-6262,98939557,-335,98939557,-383.592,98939557,6239,
98991611,-6315,98991611,-604,98991611,-357.442,98991611,6283,
99051293,-6356,99051293,-97,99051293,-294.78,99051293,6349,
99099407,-6426,99099407,-408,99099407,-80.7821,99099407,6395,
99153533,-6463,99153533,-217,99153533,-379.86,99153533,6457,
99207573,-6535,99207573,189,99207573,-235.01,99207573,6503,
99270747,-6587,99270747,-610,99270747,-22.5449,99270747,6567,
99325461,-6639,99325461,219,99325461,-669.061,99325461,6628,
99380507,-6691,99380507,-580,99380507,-126.111,99380507,6674,
99429891,-6765,99429891,76,99429891,-181.183,99429891,6724,
99491528,-6820,99491528,-191,99491528,-323.257,99491528,6791,
99552926,-6880,99552926,-29,99552926,-171.878,99552926,6844,
99612203,-6922,99612203,49,99612203,-360.84,99612203,6906,
99663977,-6960,99663977,-184,99663977,-330.914,99663977,6958,
99709635,-7034,99709635,-717,99709635,-290.245,99709635,7015,
99778921,-7108,99778921,-82,99778921,-132.436,99778921,7081,
99833070,-7146,99833070,218,99833070,-432.596,99833070,7124,
99897047,-7204,99897047,-634,99897047,-166.957,99897047,7186,
99944411,-7287,99944411,-316,99944411,-297.866,99944411,7248,
100010437,-7355,100010437,-144,100010437,-566.14,100010437,7313,
100079508,-7390,100079508,-465,100079508,-274.011,100079508,7375,
100132261,-7469,100132261,72,100132261,-372.026,100132261,7437,
100212963,-7580,100212963,-40,100212963,-420.006,100212963,7517,
100322023,-7665,100322023,-46,100322023,-412.266,100322023,7630,
100386221,-7710,100386221,106,100386221,-222.156,100386221,7684,
100447370,-7763,100447370,272,100447370,-388.331,100447370,7745,
100512823,-7845,100512823,-898,100512823,-23.4876,100512823,7813,
100580206,-7902,100580206,-978,100580206,-489.561,100580206,7885,
100641400,-7973,100641400,-599,100641400,-329.656,100641400,7947,
100708720,-8059,100708720,-644,100708720,-424.604,100708720,8009,
100797372,-8112,100797372,-859,100797372,-524.835,100797372,8090,
100854622,-8176,100854622,284,100854622,-537.916,100854622,8153,
100919136,-8253,100919136,-473,100919136,-299.998,100919136,8213,
100979381,-8306,100979381,-302,100979381,-420.022,100979381,8277,
101037480,-8375,101037480,-156,101037480,-264.02,101037480,8343,
101114451,-8434,101114451,-102,101114451,-90.2622,101114451,8414,
101175245,-8504,101175245,-48,101175245,-344.344,101175245,8477,
101236939,-8568,101236939,-177,101236939,-220.68,101236939,8543,
101307658,-8639,101307658,-99,101307658,-203.453,101307658,8611,
101379783,-8704,101379783,196,101379783,-418.633,101379783,8681,
101444909,-8766,101444909,99,101444909,-162.72,101444909,8744,
101506782,-8840,101506782,-215,101506782,-530.809,101506782,8807,
101588093,-7982,101588093,7980,101588093,-674.801,101588093,8883,
101644328,-6106,101644328,-358,101644328,210.77,101644328,6049,
101713271,-6128,101713271,-309,101713271,-542.3,101713271,6107,
101761351,-6194,101761351,2,101761351,-195.366,101761351,6155,
101819816,-6239,101819816,-410,101819816,-105.455,101819816,6215,
101871304,-6303,101871304,-732,101871304,-533.518,101871304,6276,
101968230,-6394,101968230,-661,101968230,-321.606,101968230,6355,
102024264,-6425,102024264,-80,102024264,-427.483,102024264,6419,
102068551,-6499,102068551,251,102068551,-582.025,102068551,6463,
102143868,-6571,102143868,-91,102143868,-347.61,102143868,6542,
102202862,-6634,102202862,-105,102202862,-148.303,102202862,6605,
102262910,-6683,102262910,-307,102262910,-2.03862,102262910,6666,
102328482,-6754,102328482,-898,102328482,-344.05,102328482,6734,
102390636,-6806,102390636,-195,102390636,-183.391,102390636,6789,
102446048,-6880,102446048,142,102446048,-415.127,102446048,6852,
102512462,-6940,102512462,-351,102512462,-246.95,102512462,6915,
102575425,-7006,102575425,-85,102575425,-346.398,102575425,6976,
102646348,-7067,102646348,-611,102646348,-101.191,102646348,7037,
102700773,-7119,102700773,-12,102700773,-98.1072,102700773,7101,
102764658,-7169,102764658,-38,102764658,-99.8977,102764658,7164,
102817818,-7241,102817818,-184,102817818,68.4876,102817818,7215,
102882647,-7292,102882647,-132,102882647,-405.888,102882647,7275,
102932024,-7354,102932024,-538,102932024,-427.11,102932024,7341,
102994774,-7438,102994774,-295,102994774,-413.86,102994774,7401,
103069287,-7485,103069287,137,103069287,-143.051,103069287,7459,
103129121,-7550,103129121,-89,103129121,-355.183,103129121,7521,
103181952,-7626,103181952,-658,103181952,-423.034,103181952,7585,
103250027,-7683,103250027,29,103250027,-173.146,103250027,7653,
103312533,-7714,103312533,-182,103312533,125.656,103312533,7707,
103365492,-7799,103365492,-676,103365492,-414.31,103365492,7771,
103430061,-8010,103430061,0,103430061,-357.142,103430061,7834,
106539791,-8075,106539791,157,106539791,-176.049,106539791,8046,
106608885,-8148,106608885,-1012,106608885,-494.096,106608885,8109,
